0,90,0.1,92.5,0,0.01,0,0,0.1,0,-3.3,0,0,0,0,0,6,0
0.01,90,0.2,92.501,0,0.01,0.1,0,0.2,0,-3.29999999971285,0,0,0,0,0,6,0
0.02,90,0.3,92.503,0,0.01,0.2,0,0.3,0,-3.29999999741559,0,0,0,0,0,6,0
0.03,-90,0.4,92.506,0,0.01,0.3,0,0.4,-2.22052509609395e-17,-3.29999998966214,-5.32926025358094e-16,0,0,0,0,6,0
0.04,-90,0.5,92.51,1.58330688370806e-17,0.01,0.4,-2.22052509609395e-17,0.5,-3.97761267552372e-17,-3.29999997128302,-4.26335399275612e-16,0,0,0,0,6,0
0.05,-90,0.6,92.515,3.02788270801233e-17,0.01,0.5,-3.97761267552372e-17,0.6,-5.73457702149382e-17,-3.2999999353849,-4.263082942213e-16,0,0,0,0,6,0
0.06,-90,0.7,92.521,4.13264855186177e-17,0.01,0.6,-5.73457702149382e-17,0.7,-9.01432898931751e-17,-3.29999987335022,-7.460937249959e-16,0,0,0,0,6,0
0.07,-90,0.8,92.528,6.23382505186527e-17,0.01,0.7,-9.01432898931751e-17,0.8,-1.33606645625965e-16,-3.29999977479086,-9.59410502432423e-16,0,0,0,0,6,0
0.08,-90,0.9,92.536,9.39386585153623e-17,0.01,0.8,-1.33606645625965e-16,0.9,-1.93892247347129e-16,-3.29999962751792,-1.27903330288115e-15,0,0,0,0,6,0
0.09,-90,1,92.545,1.38557556340106e-16,0.01,0.9,-1.93892247347129e-16,1,-2.77861628494412e-16,-3.29999941752074,-1.70534159710245e-15,0,0,0,0,6,0
0.1,-90,1.1,92.555,1.99037366295295e-16,0.01,1,-2.77861628494412e-16,1.1,-3.65227029852163e-16,-3.29999912893875,-1.7052331768852e-15,9.43913341272963e-05,-5.79235010650381e-17,0,0,6,0
0.11,-90,1.2,92.566,2.62739585920384e-16,0.01,1.1,-3.65227029852163e-16,1.2,-4.26209675339021e-16,-3.29999874402654,-1.2789248826639e-15,0.00211890769742224,-6.33174068731535e-17,0,0,6,0
0.12,-90,1.3,92.578,3.08184414007984e-16,0.01,1.2,-4.26209675339021e-16,1.3,-4.59805640224518e-16,-3.29999824299633,-8.52616588442601e-16,0.00415754600442031,-7.89299181569447e-17,0,0,6,0
0.13,-90,1.4,92.591,3.30441244357965e-16,0.01,1.3,-4.59805640224518e-16,1.4,-5.23976935154762e-16,-3.2999976040168,-1.2789248826639e-15,0.00621197177605959,-8.32667268468867e-17,0,0,6,0
0.14,-90,1.5,92.605,3.78679210408166e-16,0.01,1.4,-5.23976935154762e-16,1.5,-5.48483529860798e-16,-3.29999680315158,-7.4571425423553e-16,0.00828365841374566,-9.8879238130678e-17,0,0,6,0
0.15,-90,1.6,92.62,3.91816966656581e-16,0.01,1.5,-5.48483529860798e-16,1.6,-5.3770878397368e-16,-3.29999581429272,-3.19189119579733e-16,0.0103739848471407,-9.8879238130678e-17,0,0,6,0
0.16,-90,1.7,92.636,3.76952405792855e-16,0.01,1.6,-5.3770878397368e-16,1.7,-5.74747537799851e-16,-3.29999460908801,-8.52616588442601e-16,0.012484303145909,-9.71445146547012e-17,0,0,6,0
0.17,-90,1.8,92.653,4.02132349883309e-16,0.01,1.7,-5.74747537799851e-16,1.8,-6.13118942551614e-16,-3.29999315686143,-8.53050269311595e-16,0.0146159899136072,-1.11022302462516e-16,0,0,6,0
0.18,-90,1.9,92.671,4.31240683642352e-16,0.01,1.8,-6.13118942551614e-16,1.9,-6.04852136649514e-16,-3.29999142452549,-4.263082942213e-16,0.0167704896846162,-1.11022302462516e-16,0,0,6,0
0.19,-90,2,92.69,4.22194708683286e-16,0.00999999999999997,1.9,-6.04852136649514e-16,2,-5.9703098608865e-16,-3.29998937648403,-4.263082942213e-16,0.018949355777292,-1.14491749414469e-16,0,0,6,0
0.2,-90,2.1,92.71,4.13599188646359e-16,0.01,2,-5.9703098608865e-16,2.1,-5.89714862054318e-16,-3.29998697452371,-4.263082942213e-16,0.0211542928105296,-1.17961196366423e-16,0,0,6,0
0.21,-90,2.2,92.731,4.08722604834169e-16,0.01,2.1,-5.89714862054318e-16,2.2,-5.81381475425968e-16,-3.29998417769154,-4.26741975090295e-16,0.0233872047966259,-1.11022302462516e-16,0,0,6,0
0.22,-90,2.3,92.753,3.99460207332337e-16,0.01,2.2,-5.81381475425968e-16,2.3,-4.9190332574312e-16,-3.29998094215561,0,0.0256502531892312,-1.11022302462516e-16,0,0,6,0
0.23,-90,2.4,92.776,3.20033903790187e-16,0.01,2.3,-4.9190332574312e-16,2.4,-3.94799148833833e-16,-3.29997722104437,0,0.0279459305555542,-7.63278329429795e-17,0,0,6,0
0.24,-90,2.5,92.8,2.33164137217985e-16,0.01,2.4,-3.94799148833833e-16,2.5,-1.69184910465294e-16,-3.29997296425864,4.26741975090295e-16,0.0302771579876963,-7.63278329429795e-17,0,0,6,0
0.25,90,2.6,92.825,3.0768314141894e-17,0.01,2.5,-1.69184910465294e-16,2.6,6.27000795233866e-17,-3.29996811824782,4.25874613352306e-16,0.0326474187116787,-5.55111512312578e-17,0,0,6,0
0.26,90,2.7,92.851,1.7742498924051e-16,0.01,2.6,6.27000795233866e-17,2.7,7.11599834314357e-16,-3.29996262573745,9.60169443953163e-16,0.0350609481278606,-2.08166817117217e-17,0,0,6,0
0.27,90,2.73756658957137,92.878,7.8678460098259e-16,0.00141124865202343,2.7,7.11599834314357e-16,2.73756658957137,3.73832909073002e-16,-3.29995642538884,3.18321757841744e-16,0.0375230149602071,5.55111512312578e-17,0,0,6,0
0.28,90,2.73579837663097,92.9053756658957,0.0624334104286346,3.12657700256886e-06,2.73756658957137,3.73832909073002e-16,2.73579837663097,8.8037216405823e-16,-3.29993109531738,8.52616588442601e-16,0.0357294719483596,2.77555756156289e-17,0,0,6,0
0.29,90,2.73131196242814,92.932733649662,0.164201623369026,2.01279123993888e-05,2.73579837663097,8.8037216405823e-16,2.73131196242814,9.43689570931383e-16,-3.29987510151551,8.53483950180589e-16,0.0311870639436483,9.0205620750794e-17,0,0,6,0
0.3,90,2.72659759110252,92.9600467692863,0.26868803757186,2.22252969958398e-05,2.73131196242814,9.43689570931383e-16,2.72659759110252,1.36175792864179e-15,-3.29978771762586,1.27849120179491e-15,0.0263853087283811,8.32667268468867e-17,0,0,6,0
0.31,90,2.72181662177884,92.9873127451973,0.373402408897482,2.28576676739203e-05,2.72659759110252,1.36175792864179e-15,2.72181662177884,1.88564441838679e-15,-3.29966895687526,1.7052331768852e-15,0.0214855786541094,1.80411241501588e-16,0,0,6,0
0.32,90,2.71698074680888,93.0145309114151,0.478183378221157,2.33856867250896e-05,2.72181662177884,1.88564441838679e-15,2.71698074680888,1.96891114523368e-15,-3.29951888518741,1.7052331768852e-15,0.0164996319962954,2.63677968348475e-16,0,0,6,0
0.33,89.9999999999999,2.71210529316417,93.0417007188832,0.583019253191117,2.37700482417375e-05,2.71698074680888,1.96891114523368e-15,2.71210529316417,2.4234086959396e-15,-3.29933757545683,2.1319751519755e-15,0.0114428686209983,2.91433543964104e-16,0,0,6,0
0.34,89.9999999999999,2.70723660496712,93.0688217718149,0.687894706835829,2.37041247601426e-05,2.71210529316417,2.4234086959396e-15,2.70723660496712,2.5205532105943e-15,-3.29912510375549,2.1319751519755e-15,0.00636170872261106,3.88578058618805e-16,0,0,6,0
0.35,89.9999999999999,2.70473495953871,93.0958941378645,0.792763395032885,6.25822984944646e-06,2.70723660496712,2.5205532105943e-15,2.70473495953871,2.39738784379995e-15,-3.2988813340043,1.81452075587174e-15,0.00361629354301742,5.82867087928207e-16,0,0,6,0
0.36,90,2.70471207958256,93.1229414874599,0.895265040461287,5.23492393493052e-10,2.70473495953871,2.39738784379995e-15,2.70471207958256,2.17707796235089e-15,-3.29860678292761,1.7052331768852e-15,0.00331886251017257,4.71844785465692e-16,0,0,6,0
0.37,90,2.70494101601947,93.1499886082558,0.871931255005173,5.24118921449036e-08,2.70471207958256,2.17707796235089e-15,2.70494101601947,1.73645819945278e-15,-3.29833918323095,1.27849120179491e-15,0.00328019925041934,4.57966997657877e-16,0,0,6,0
0.38,90,2.7051972486441,93.1770380184159,0.87194159541807,6.56551579216115e-08,2.70494101601947,1.73645819945278e-15,2.7051972486441,1.77635683940025e-15,-3.29807153032103,1.38777878078145e-15,0.00326877896512524,3.88578058618805e-16,0,0,6,0
0.39,90,2.70544928151402,93.2040899909024,0.848224450304079,6.35205675231528e-08,2.7051972486441,1.77635683940025e-15,2.70544928151402,1.32012456521835e-15,-3.29781094249252,9.59302082215174e-16,0.00326022400654377,3.60822483003176e-16,0,0,6,0
0.4,90,2.70570169571643,93.2311444837175,0.848276497216288,6.37129295757322e-08,2.70544928151402,1.32012456521835e-15,2.70570169571643,1.00613961606655e-15,-3.29755028912237,7.42461647718073e-16,0.00325198483879468,2.63677968348475e-16,0,0,6,0
0.41,90,2.70594706920151,93.2582015006747,0.824456902303153,6.02081471793365e-08,2.70570169571643,1.00613961606655e-15,2.70594706920151,1.04603825601401e-15,-3.29729673183579,8.51749226704612e-16,0.00324380103729347,1.94289029309402e-16,0,0,6,0
0.42,90,2.70619255562054,93.2852609713667,0.824580991839173,6.02635819296962e-08,2.70594706920151,1.04603825601401e-15,2.70619255562054,1.06165076729781e-15,-3.29704308765774,8.53483950180589e-16,0.00323564327827681,2.08166817117217e-16,0,0,6,0
0.43,90,2.70643094118694,93.3123228969229,0.80065997281468,5.68276782681087e-08,2.70619255562054,1.06165076729781e-15,2.70643094118694,1.59247615094671e-15,-3.29679657025021,1.38430933382949e-15,0.00322751143714816,2.08166817117217e-16,0,0,6,0
0.44,90,2.70666945827915,93.3393872063348,0.800857022912664,5.68904032764778e-08,2.70643094118694,1.59247615094671e-15,2.70666945827915,1.65492619608187e-15,-3.29654994432134,1.28022592527088e-15,0.00321940260049093,3.7470027081099e-16,0,0,6,0
0.45,90,2.70690084278172,93.3664539009176,0.776832475253174,5.35387880314612e-08,2.70666945827915,1.65492619608187e-15,2.70690084278172,1.62717062046625e-15,-3.2963104764789,1.28022592527088e-15,0.00321131926062216,3.46944695195361e-16,0,0,6,0
0.46,90,2.70713238044376,93.3935229093454,0.777103098073003,5.36096889388795e-08,2.70690084278172,1.62717062046625e-15,2.70713238044376,1.24206200879939e-15,-3.29607087829976,8.53483950180589e-16,0.00320325874351618,3.88578058618805e-16,0,0,6,0
0.47,90,2.70735675338918,93.4205942331498,0.752972820707419,5.0343218638685e-08,2.70713238044376,1.24206200879939e-15,2.70735675338918,1.19348975147204e-15,-3.29583847018155,9.57567358739198e-16,0.00319522357072959,2.35922392732846e-16,0,0,6,0
0.48,90,2.70758130133879,93.4476678006837,0.753317635468448,5.04217816760091e-08,2.70735675338918,1.19348975147204e-15,2.70758130133879,1.08940634291343e-15,-3.29560590972382,8.53483950180589e-16,0.00318721106261266,2.35922392732846e-16,0,0,6,0
0.49,90,2.70779865176822,93.4747436136971,0.729079359457858,4.72412091724628e-08,2.70758130133879,1.08940634291343e-15,2.70779865176822,1.4883927423881e-15,-3.2953805719805,1.28022592527088e-15,0.00317922374872102,2.08166817117217e-16,0,0,6,0
0.5,90,2.70801619923776,93.5018216002148,0.729498995636634,4.73269015025096e-08,2.70779865176822,1.4883927423881e-15,2.70801619923776,1.17267306976032e-15,-3.2951550597043,8.53483950180589e-16,0.00317125894206058,3.19189119579733e-16,0,0,6,0
0.51,90,2.70822651568408,93.5289017622071,0.705150381362098,4.42330075903722e-08,2.70801619923776,1.17267306976032e-15,2.70822651568408,1.13103970633688e-15,-3.2949368034962,8.53483950180589e-16,0.00316331918027725,2.77555756156289e-16,0,0,6,0
0.52,90,2.70843705140065,93.555984027364,0.705645478801718,4.43252879538095e-08,2.70822651568408,1.13103970633688e-15,2.70843705140065,1.22124532708767e-15,-3.29471835036823,9.57567358739198e-16,0.00315540176888227,2.63677968348475e-16,0,0,6,0
0.53,90,2.70864032186932,93.583068397878,0.681184112673562,4.13188834338957e-08,2.70843705140065,1.22124532708767e-15,2.70864032186932,6.90419943438769e-16,-3.29450718738445,4.26741975090295e-16,0.00314750925377108,2.63677968348475e-16,0,0,6,0
0.54,90,2.70884383403575,93.6101548010967,0.681755321653653,4.14172018832687e-08,2.70864032186932,6.90419943438769e-16,2.70884383403575,5.93275428784068e-16,-3.29429580489705,4.26741975090295e-16,0.00313963893279665,1.66533453693773e-16,0,0,6,0
0.55,90,2.70904004598469,93.637243239437,0.657178712613365,3.84991289070229e-08,2.70884383403575,5.93275428784068e-16,2.70904004598469,1.02001740387436e-15,-3.29409174737558,8.53483950180589e-16,0.00313179336026369,1.66533453693773e-16,0,0,6,0
0.56,90,2.70923652225935,93.6643336398969,0.657826693902768,3.86029265058494e-08,2.70904004598469,1.02001740387436e-15,2.70923652225935,6.34908792207511e-16,-3.29388744756685,4.26741975090295e-16,0.00312396982619753,2.08166817117217e-16,0,0,6,0
0.57,90,2.70942566257768,93.6914260051195,0.63313226970297,3.57740600163169e-08,2.70923652225935,6.34908792207511e-16,2.70942566257768,9.64506252643105e-16,-3.2936905083158,8.53483950180589e-16,0.00311617089347806,1.11022302462516e-16,0,0,6,0
0.58,90,2.7096150900533,93.7185202617452,0.633857694592274,3.58827685222923e-08,2.70942566257768,9.64506252643105e-16,2.7096150900533,6.48786580015326e-16,-3.29349330379082,4.26741975090295e-16,0.0031083938441268,2.22044604925031e-16,0,0,6,0
0.59,90,2.70979714503891,93.7456164126458,0.609042797836921,3.31440177851228e-08,2.7096150900533,6.48786580015326e-16,2.70979714503891,5.3776427755281e-16,-3.29330349621086,4.26741975090295e-16,0.00310064124977027,1.11022302462516e-16,0,0,6,0
0.6,90,2.70997951022015,93.7727143840962,0.609846348147658,3.32570593283889e-08,2.70979714503891,5.3776427755281e-16,2.70997951022015,5.3776427755281e-16,-3.29311340016409,4.26741975090295e-16,0.00309291038424557,1.11022302462516e-16,0,0,6,0
0.61,90,2.71015446555604,93.7998141791984,0.584908232072879,3.06093695549311e-08,2.70997951022015,5.3776427755281e-16,2.71015446555604,5.3776427755281e-16,-3.29293073827206,4.26741975090295e-16,0.00308520382810247,1.11022302462516e-16,0,0,6,0
0.62,90,2.71032975433577,93.8269157238539,0.5857906001397,3.07261562996795e-08,2.71015446555604,5.3776427755281e-16,2.71032975433577,1.11022302462516e-16,-3.29274776451104,0,0.00307751884680629,1.11022302462516e-16,0,0,6,0
0.63,90,2.71049759506499,93.8540190213973,0.560726424113789,2.81705103838503e-08,2.71032975433577,1.11022302462516e-16,2.71049759506499,4.26741975090295e-16,-3.29257226296503,4.26741975090295e-16,0.00306985803001322,0,0,0,6,0
0.64,90,2.71066579269926,93.8811239973479,0.561688312735436,2.82904441770893e-08,2.71049759506499,4.26741975090295e-16,2.71066579269926,1.11022302462516e-16,-3.29239642593536,0,0.00306221863462338,1.11022302462516e-16,0,0,6,0
0.65,90,2.71082650319843,93.9082306552749,0.536495137454267,2.58278645408628e-08,2.71066579269926,1.11022302462516e-16,2.71082650319843,0,-3.29222810006116,0,0.0030546032595884,0,0,0,6,0
0.66,-90,2.71098759427996,93.9353389203069,0.537537259808542,2.59503365509934e-08,2.71082650319843,0,2.71098759427996,-4.23272528138341e-16,-3.29205941487308,-4.23272528138341e-16,0.00304700915304343,0,0,0,6,0
0.67,-90,2.71114115823118,93.9624487962497,0.512212042160313,2.35818871141667e-08,2.71098759427996,-4.23272528138341e-16,2.71114115823118,-9.36750677027476e-16,-3.29189828069225,-8.53483950180589e-16,0.0030394389234316,-8.32667268468867e-17,0,0,6,0
0.68,-90,2.71129512666125,93.989560207832,0.513335121677592,2.37062774561643e-08,2.71114115823118,-9.36750677027476e-16,2.71129512666125,-1.04777297948999e-15,-3.29173676314867,-8.53483950180589e-16,0.00303188980991522,-1.94289029309402e-16,0,0,6,0
0.69,-90,2.71144152702239,94.0166731590986,0.487874709247987,2.14330657426369e-08,2.71129512666125,-1.04777297948999e-15,2.71144152702239,-1.07552855510562e-15,-3.29158283740824,-8.53483950180589e-16,0.00302436443063276,-2.22044604925031e-16,0,0,6,0
0.7,-90,2.711588355981,94.0437875743689,0.489079479437049,2.1558743086028e-08,2.71144152702239,-1.07552855510562e-15,2.711588355981,-1.07552855510562e-15,-3.29142850403456,-8.53483950180589e-16,0.00301686001555938,-2.22044604925031e-16,0,0,6,0
0.71,-90,2.71172757495411,94.0709034579287,0.463480604622925,1.93819224737349e-08,2.711588355981,-1.07552855510562e-15,2.71172757495411,-1.06165076729781e-15,-3.29128180423863,-8.53483950180589e-16,0.00300937919273816,-2.08166817117217e-16,0,0,6,0
0.72,-90,2.7118672468684,94.0980207336782,0.464767808841915,1.95082436411498e-08,2.71172757495411,-1.06165076729781e-15,2.7118672468684,-1.01307850997046e-15,-3.29113467231434,-8.46545056276682e-16,0.00300191918273548,-1.66533453693773e-16,0,0,6,0
0.73,-90,2.71199926586618,94.1251394061469,0.439027082538129,1.74290157744936e-08,2.7118672468684,-1.01307850997046e-15,2.71199926586618,-1.07552855510562e-15,-3.29099521675754,-8.53483950180589e-16,0.00299448262371754,-2.22044604925031e-16,0,0,6,0
0.74,-90,2.71213176237678,94.1522593988056,0.440397473702427,1.75553253221144e-08,2.71199926586618,-1.07552855510562e-15,2.71213176237678,-6.52256026967279e-16,-3.29085530434983,-4.30211422042248e-16,0.00298706672661122,-2.22044604925031e-16,0,0,6,0
0.75,-90,2.71225656198692,94.1793807164293,0.414511378522473,1.557494269251e-08,2.71213176237678,-6.52256026967279e-16,2.71225656198692,-1.11022302462516e-16,-3.29072311215301,0,0.00297967413993179,-1.11022302462516e-16,0,0,6,0
0.76,-90,2.71238186391221,94.2065032820492,0.41596571874013,1.57005724808883e-08,2.71225656198692,-1.11022302462516e-16,2.71238186391221,-4.30211422042248e-16,-3.29059043815252,-4.30211422042248e-16,0.00297230206472845,0,0,0,6,0
0.77,-90,2.71249942385948,94.2336271006883,0.389930601726892,1.38203412010358e-08,2.71238186391221,-4.30211422042248e-16,2.71249942385948,-5.20417042793042e-16,-3.29046552930062,-4.23272528138341e-16,0.00296495316009936,-9.71445146547012e-17,0,0,6,0
0.78,-90,2.71261751115747,94.2607520949269,0.391469661850754,1.39446099478926e-08,2.71249942385948,-5.20417042793042e-16,2.71261751115747,-8.32667268468867e-17,-3.29034011345949,0,0.00295762461696883,-8.32667268468867e-17,0,0,6,0
0.79,90,2.71272781026322,94.2878782700385,0.36528172662865,1.21658927292008e-08,2.71261751115747,-8.32667268468867e-17,2.71272781026322,0,-3.29022250884204,0,0.00295031910526147,0,0,0,6,0
0.8,90,2.712838661991,94.3150055481411,0.366906285712759,1.22881055513493e-08,2.71272781026322,0,2.712838661991,0,-3.29010437181452,0,0.00294303380551919,0,0,0,6,0
0.81,90,2.71294167813008,94.342133934761,0.340561584026922,1.0612324909585e-08,2.712838661991,0,2.71294167813008,0,-3.28999409326867,0,0.00293577139874609,0,0,0,6,0
0.82,90,2.71304527240042,94.3692633515423,0.342272428672791,1.07317728491659e-08,2.71294167813008,0,2.71304527240042,0,-3.28988325665441,0,0.00292852905483504,0,0,0,6,0
0.83,-90,2.71314098245506,94.3963938042663,0.315766851254353,9.16041455798834e-09,2.71304527240042,0,2.71314098245506,-5.34294830600857e-16,-3.28978032701107,-5.34294830600857e-16,0.00292130946613184,0,0,0,6,0
0.84,-90,2.71323729639017,94.4235252140909,0.317564774830625,9.27637409714395e-09,2.71314098245506,-5.34294830600857e-16,2.71323729639017,-1.11022302462516e-16,-3.28967681340143,0,0.002914109791603,-1.11022302462516e-16,0,0,6,0
0.85,90,2.71332567620072,94.4506575870548,0.290894041519879,7.81099091340121e-09,2.71323729639017,-1.11022302462516e-16,2.71332567620072,0,-3.28958125653448,0,0.00290693273520911,0,0,0,6,0
0.86,90,2.71341468588265,94.4777908438168,0.292779843236127,7.92272347616055e-09,2.71332567620072,0,2.71341468588265,4.23272528138341e-16,-3.28948508956205,4.23272528138341e-16,0.00289977544470177,0,0,0,6,0
0.87,90,2.71349571019484,94.5049249906756,0.265939492286876,6.56493916648022e-09,2.71341468588265,4.23272528138341e-16,2.71349571019484,9.64506252643105e-16,-3.2893969304411,8.53483950180589e-16,0.00289264063594059,1.11022302462516e-16,0,0,6,0
0.88,90,2.71357739061238,94.5320599477776,0.267913976099424,6.67169060868858e-09,2.71349571019484,9.64506252643105e-16,2.71357739061238,1.56125112837913e-15,-3.28930813483278,1.39471767468535e-15,0.00288552544516198,1.66533453693773e-16,0,0,6,0
0.89,90,2.71365103302072,94.5591957216837,0.240899352578058,5.42320430694304e-09,2.71357739061238,1.56125112837913e-15,2.71365103302072,1.36696209906972e-15,-3.2892273995797,9.64506252643105e-16,0.0028784326004201,4.02455846426619e-16,0,0,6,0
0.9,90,2.71372535801247,94.5863322320139,0.242963325901973,5.52420439891432e-09,2.71365103302072,1.36696209906972e-15,2.71372535801247,1.11716191852906e-15,-3.28914600121365,8.53483950180589e-16,0.00287135922612378,2.63677968348475e-16,0,0,6,0
0.91,90,2.71379159089953,94.613469485594,0.215769569083749,4.38679532815306e-09,2.71372535801247,1.11716191852906e-15,2.71379159089953,6.93889390390723e-16,-3.2890727171633,4.30211422042248e-16,0.00286430806282966,2.63677968348475e-16,0,0,6,0
0.92,90,2.71385853309272,94.640607401503,0.217923841281053,4.4812572281405e-09,2.71379159089953,6.93889390390723e-16,2.71385853309272,4.64905891561784e-16,-3.28899874313008,3.12250225675825e-16,0.0028572762227933,1.52655665885959e-16,0,0,6,0
0.93,90,2.71391732756379,94.667745986834,0.190545870933152,3.45678982912438e-09,2.71385853309272,4.64905891561784e-16,2.71391732756379,9.71445146547012e-17,-3.2889329388956,0,0.00285026645939452,9.71445146547012e-17,0,0,6,0
0.94,90,2.71397685830839,94.6948851601096,0.192791251542259,3.54390955179375e-09,2.71391732756379,9.71445146547012e-17,2.71397685830839,4.30211422042248e-16,-3.28886641756401,4.30211422042248e-16,0.00284327587239609,0,0,0,6,0
0.95,90,2.71402818412119,94.7220249286927,0.165223752968267,2.63433906038826e-09,2.71397685830839,4.30211422042248e-16,2.71402818412119,5.41233724504764e-16,-3.28880812310714,4.30211422042248e-16,0.00283630722833612,1.11022302462516e-16,0,0,6,0
0.96,90,2.714080273419,94.7491652105339,0.16756104963382,2.71329494548051e-09,2.71402818412119,5.41233724504764e-16,2.714080273419,5.68989300120393e-16,-3.28874908419513,4.30211422042248e-16,0.00282935761412962,1.38777878078145e-16,0,0,6,0
0.97,90,2.71412409890782,94.7763060132681,0.139798457336999,1.92067347048551e-09,2.714080273419,5.68989300120393e-16,2.71412409890782,5.41233724504764e-16,-3.28869833090201,4.30211422042248e-16,0.00282242980982234,1.11022302462516e-16,0,0,6,0
0.98,90,2.71416871533586,94.8034472542572,0.14222847339216,1.99062565149338e-09,2.71412409890782,5.41233724504764e-16,2.71416871533586,5.41233724504764e-16,-3.28864680555325,4.30211422042248e-16,0.00281552088911189,1.11022302462516e-16,0,0,6,0
0.99,90,2.7142050073296,94.8305889414105,0.114264953194875,1.31710880926969e-09,2.71416871533586,5.41233724504764e-16,2.7142050073296,1.11022302462516e-16,-3.28860362631632,0,0.00280863364591625,1.11022302462516e-16,0,0,6,0
1,90,2.71424211795737,94.8577309914838,0.116788484839902,1.37719869393741e-09,2.7142050073296,1.11022302462516e-16,2.71424211795737,0,-3.28855964718295,0,0.00280176514032832,0,0,0,6,0
1.01,-90,2.71427084169087,94.8848734126634,0.0886179142727905,8.25052866060527e-10,2.71424211795737,0,2.71427084169087,-4.23272528138341e-16,-3.28852407648965,-4.23272528138341e-16,0.00279491818052037,0,0,0,6,0
1.02,-90,2.71430041199065,94.9120161210803,0.0912357472836165,8.74402629073266e-10,2.71427084169087,-4.23272528138341e-16,2.71430041199065,-1.11022302462516e-16,-3.28848767782192,0,0.00278808981257535,-1.11022302462516e-16,0,0,6,0
1.03,90,2.71432153100858,94.9391591252002,0.0628516940308201,4.46012918215315e-10,2.71430041199065,-1.11022302462516e-16,2.71432153100858,0,-3.28845975185074,0,0.00278128285931866,0,0,0,6,0
1.04,90,2.71434352475814,94.9663023405103,0.065564599919425,4.83725019953196e-10,2.71432153100858,0,2.71434352475814,0,-3.28843096959426,0,0.00277449435239958,0,0,0,6,0
1.05,-90,2.71435700081058,94.9934457757579,0.0369602980735411,1.81603989298547e-10,2.71434352475814,0,2.71435700081058,-4.23272528138341e-16,-3.28841072631913,-4.23272528138341e-16,0.0027677271297148,0,0,0,6,0
1.06,-90,2.71437137998747,95.020589345766,0.0397690296073718,2.06760727946437e-10,2.71435700081058,-4.23272528138341e-16,2.71437137998747,-5.06539254985228e-16,-3.28838959822057,-4.23272528138341e-16,0.00276097820803513,-8.32667268468867e-17,0,0,6,0
1.07,-90,2.71437717291629,95.0477330595659,0.01093735344962,3.35580243724065e-11,2.71437137998747,-5.06539254985228e-16,2.71437717291629,-1.11022302462516e-16,-3.28837707752447,0,0.00275425044076646,-1.11022302462516e-16,0,0,6,0
1.08,-90,2.7143838975826,95.074876831295,0.0138426394199338,4.52211369273726e-11,2.71437717291629,-1.11022302462516e-16,2.7143838975826,-4.30211422042248e-16,-3.28836364324673,-4.30211422042248e-16,0.00274754082933434,0,0,0,6,0
1.09,-90,2.71438196519759,95.1020206702709,0.0152239256045466,3.73411183805241e-12,2.7143838975826,-4.30211422042248e-16,2.71438196519759,-1.11022302462516e-16,-3.28835888704553,0,0.00274085224311379,-1.11022302462516e-16,0,0,6,0
1.1,-90,2.71438099337424,95.1291644899228,0.0122213864968259,9.44440609393439e-13,2.71438196519759,-1.11022302462516e-16,2.71438099337424,-2.77555756156289e-17,-3.28835318829345,0,0.00273418166769544,-2.77555756156289e-17,0,0,6,0
1.11,90,2.71437129131767,95.1563082998566,0.0415307759926398,9.41299017763253e-11,2.71438099337424,-2.77555756156289e-17,2.71437129131767,0,-3.28835624067124,0,0.00272753198890533,0,0,0,6,0
1.12,-90,2.71436257884689,95.1834520127698,0.0384303222909277,7.59071470138714e-11,2.71437129131767,0,2.71436257884689,-5.34294830600857e-16,-3.28835832132909,-5.34294830600857e-16,0.00272090017598378,0,0,0,6,0
1.13,-90,2.71434506044523,95.2105956385582,0.0679909287638347,3.06894396907006e-10,2.71436257884689,-5.34294830600857e-16,2.71434506044523,-5.68989300120393e-16,-3.28836922868649,-4.30211422042248e-16,0.00271428913171557,-1.38777878078145e-16,0,0,6,0
1.14,-90,2.7143285608397,95.2377390891627,0.064791944638614,2.72236982508819e-10,2.71434506044523,-5.68989300120393e-16,2.7143285608397,-5.48172618408671e-16,-3.28837913496874,-4.23272528138341e-16,0.00270769580844764,-1.2490009027033e-16,0,0,6,0
1.15,-90,2.71430317694079,95.2648823747711,0.0946126575114437,6.44342323914962e-10,2.7143285608397,-5.48172618408671e-16,2.71430317694079,-1.11022302462516e-16,-3.28839794618567,0,0.00270112312645745,-1.11022302462516e-16,0,0,6,0
1.16,-90,2.71427884121788,95.2920254065405,0.0913145825997543,5.92227409668286e-10,2.71430317694079,-1.11022302462516e-16,2.71427884121788,-3.12250225675825e-16,-3.28841572680275,-3.12250225675825e-16,0.00269456802062654,0,0,0,6,0
1.17,-90,2.71424554001172,95.3191681949527,0.121404833013349,1.10897033201896e-09,2.71427884121788,-3.12250225675825e-16,2.71424554001172,-4.9960036108132e-16,-3.28844249341757,-4.30211422042248e-16,0.002688033429287,-6.93889390390723e-17,0,0,6,0
1.18,-90,2.71421331651077,95.3463106503528,0.11800717399116,1.03835401305976e-09,2.71424554001172,-4.9960036108132e-16,2.71421331651077,-9.29811783123569e-16,-3.28846819975848,-8.46545056276682e-16,0.00268151626925137,-8.32667268468867e-17,0,0,6,0
1.19,-90,2.71417204333171,95.3734527835179,0.148376985124937,1.70347531025015e-09,2.71421331651077,-9.29811783123569e-16,2.71417204333171,-1.06858966120171e-15,-3.28850297616579,-8.46545056276682e-16,0.00267501949749977,-2.22044604925031e-16,0,0,6,0
1.2,-90,2.71413187751218,95.4005945039512,0.144879329348595,1.61329305818942e-09,2.71417204333171,-1.06858966120171e-15,2.71413187751218,-8.04911692853238e-16,-3.28853666249996,-5.55111512312578e-16,0.00266854001213732,-2.4980018054066e-16,0,0,6,0
1.21,-90,2.71408257462001,95.4277358227263,0.175539373134574,2.43077517603983e-09,2.71413187751218,-8.04911692853238e-16,2.71408257462001,-4.57966997657877e-16,-3.28857950616941,-3.05311331771918e-16,0.00266208078941818,-1.52655665885959e-16,0,0,6,0
1.22,-90,2.71403440883771,95.4548766484725,0.17194140476212,2.31994258512096e-09,2.71408257462001,-4.57966997657877e-16,2.71403440883771,-1.11022302462516e-16,-3.28862122987036,0,0.00265563870806451,-1.11022302462516e-16,0,0,6,0
1.23,-90,2.71397701517469,95.4820169925609,0.202903066037049,3.29403255392811e-09,2.71403440883771,-1.11022302462516e-16,2.71397701517469,-2.77555756156289e-17,-3.28867220158957,0,0.00264921676426678,-2.77555756156289e-17,0,0,6,0
1.24,-90,2.71392078843303,95.5091567627127,0.199204585134635,3.16144647784438e-09,2.71397701517469,-2.77555756156289e-17,2.71392078843303,-4.30211422042248e-16,-3.28872202338361,-4.30211422042248e-16,0.00264281181664773,0,0,0,6,0
1.25,-90,2.71385523935331,95.536295970597,0.23048003448585,4.29668185256185e-09,2.71392078843303,-4.30211422042248e-16,2.71385523935331,-9.71445146547012e-16,-3.28878118752873,-8.60422844084496e-16,0.00263642688203584,-1.11022302462516e-16,0,0,6,0
1.26,-90,2.71379088702593,95.5634345229905,0.226680979743308,4.14122203885141e-09,2.71385523935331,-9.71445146547012e-16,2.71379088702593,-4.9960036108132e-16,-3.28883917177226,-3.05311331771918e-16,0.00263005879819352,-1.94289029309402e-16,0,0,6,0
1.27,-90,2.71371711399317,95.5905724318608,0.25828325656631,5.44246036241384e-09,2.71379088702593,-4.9960036108132e-16,2.71371711399317,-5.41233724504764e-16,-3.28890659661016,-4.30211422042248e-16,0.00262371060333084,-1.11022302462516e-16,0,0,6,0
1.28,-90,2.71364456751348,95.6177096030007,0.25438373239751,5.26299171628385e-09,2.71371711399317,-5.41233724504764e-16,2.71364456751348,-5.41233724504764e-16,-3.28897281160006,-4.30211422042248e-16,0.00261737911354071,-1.11022302462516e-16,0,0,6,0
1.29,-90,2.71356249776191,95.6448460486759,0.28632684001146,6.73544412235911e-09,2.71364456751348,-5.41233724504764e-16,2.71356249776191,-5.41233724504764e-16,-3.28904856962729,-4.30211422042248e-16,0.00261106738920455,-1.11022302462516e-16,0,0,6,0
1.3,-90,2.7134816842743,95.6719816736535,0.282327149009637,6.53081977951555e-09,2.71356249776191,-5.41233724504764e-16,2.7134816842743,-9.71445146547012e-16,-3.28912308794958,-8.60422844084496e-16,0.00260477222388308,-1.11022302462516e-16,0,0,6,0
1.31,-90,2.71339124042713,95.6991164904962,0.31462616409089,8.1800894912812e-09,2.7134816842743,-9.71445146547012e-16,2.71339124042713,-1.08246744900953e-15,-3.28920725627384,-8.60422844084496e-16,0.00259849670096989,-2.22044604925031e-16,0,0,6,0
1.32,-90,2.71330208239374,95.7262504029005,0.310526846059913,7.94915491819843e-09,2.71339124042713,-1.08246744900953e-15,2.71330208239374,-1.08246744900953e-15,-3.28929015519683,-8.60422844084496e-16,0.00259223759057203,-2.22044604925031e-16,0,0,6,0
1.33,-90,2.71320318203188,95.7533834237244,0.34319804517968,9.78128157641213e-09,2.71330208239374,-1.08246744900953e-15,2.71320318203188,-1.09634523681734e-15,-3.28938281596811,-8.46545056276682e-16,0.00258599799999054,-2.4980018054066e-16,0,0,6,0
1.34,-90,2.71310559678714,95.7805154555448,0.338999924289301,9.5228799907957e-09,2.71320318203188,-1.09634523681734e-15,2.71310559678714,-6.66133814775094e-16,-3.28947417788776,-4.30211422042248e-16,0.00257977467489306,-2.35922392732846e-16,0,0,6,0
1.35,-90,2.71299815195967,95.8076465115126,0.372060931015364,1.15443909486849e-08,2.71310559678714,-6.66133814775094e-16,2.71299815195967,-9.71445146547012e-16,-3.28957541878777,-8.60422844084496e-16,0.00257357074744468,-1.11022302462516e-16,0,0,6,0
1.36,-90,2.71289205120359,95.8347764930322,0.367765173057911,1.12573704409542e-08,2.71299815195967,-9.71445146547012e-16,2.71289205120359,-6.31439345255558e-16,-3.28967533173422,-4.30211422042248e-16,0.00256738293781537,-2.0122792321331e-16,0,0,6,0
1.37,-90,2.71277596786944,95.8619054135443,0.401235129951433,1.34753404683155e-08,2.71289205120359,-6.31439345255558e-16,2.71277596786944,-9.92261828258734e-16,-3.28978524653462,-8.60422844084496e-16,0.00256121440405744,-1.31838984174237e-16,0,0,6,0
1.38,-90,2.71266125708827,95.889033173223,0.396843312246546,1.31585633174166e-08,2.71277596786944,-9.92261828258734e-16,2.71266125708827,-6.38378239159465e-16,-3.28989380475144,-4.30211422042248e-16,0.00255506183970568,-2.08166817117217e-16,0,0,6,0
1.39,-90,2.71253643447612,95.9161597857938,0.430743083222235,1.55806845026105e-08,2.71266125708827,-6.38378239159465e-16,2.71253643447612,-5.62050406216485e-16,-3.29001249395368,-4.30211422042248e-16,0.00254892842979641,-1.31838984174237e-16,0,0,6,0
1.4,-90,2.71241301227653,95.9432851501386,0.426257280478364,1.52330393508242e-08,2.71253643447612,-5.62050406216485e-16,2.71241301227653,-9.99200722162641e-16,-3.29012979856347,-8.60422844084496e-16,0.00254281084000225,-1.38777878078145e-16,0,0,6,0
1.41,-90,2.71227934214716,95.9704092802614,0.460609690495736,1.78677034871402e-08,2.71241301227653,-9.99200722162641e-16,2.71227934214716,-1.06858966120171e-15,-3.29025737013636,-8.46545056276682e-16,0.00253671228352235,-2.22044604925031e-16,0,0,6,0
1.42,-90,2.71214709948667,95.9975320736828,0.456032580968378,1.74881212522256e-08,2.71227934214716,-1.06858966120171e-15,2.71214709948667,-6.73072708679001e-16,-3.29038352991017,-4.30211422042248e-16,0.00253062939684021,-2.42861286636753e-16,0,0,6,0
1.43,-90,2.71200446527748,96.0246535446777,0.49086270202191,2.03445176325001e-08,2.71214709948667,-6.73072708679001e-16,2.71200446527748,-9.85322934354826e-16,-3.29052010014511,-8.46545056276682e-16,0.00252456542258715,-1.38777878078145e-16,0,0,6,0
1.44,-90,2.71186328456936,96.0517735893305,0.486197699720317,1.99319923453189e-08,2.71200446527748,-9.85322934354826e-16,2.71186328456936,-9.57567358739198e-16,-3.29065523239726,-7.35522753814166e-16,0.00251851696661729,-2.22044604925031e-16,0,0,6,0
1.45,-90,2.71171156039613,96.0788922221762,0.521533194795847,2.30202247408633e-08,2.71186328456936,-9.57567358739198e-16,2.71171156039613,-1.04777297948999e-15,-3.29080092690623,-8.46545056276682e-16,0.00251248730236566,-2.0122792321331e-16,0,0,6,0
1.46,-90,2.71156131446129,96.1060093377801,0.516784615447273,2.25738409374564e-08,2.71171156039613,-1.04777297948999e-15,2.71156131446129,-1.49880108324396e-15,-3.2909451585422,-1.27675647831893e-15,0.00250647300348943,-2.22044604925031e-16,0,0,6,0
1.47,-90,2.71140036394489,96.1331249509248,0.552656155804382,2.59050687297034e-08,2.71156131446129,-1.49880108324396e-15,2.71140036394489,-1.74860126378462e-15,-3.29110011343082,-1.41553435639707e-15,0.00250047737571125,-3.33066907387547e-16,0,0,6,0
1.48,-90,2.71124091477549,96.1602389545642,0.547829427035792,2.54240376211904e-08,2.71140036394489,-1.74860126378462e-15,2.71124091477549,-1.6306400674182e-15,-3.29125358218328,-1.27675647831893e-15,0.00249449695877682,-3.53883589099269e-16,0,0,6,0
1.49,-90,2.71107058965211,96.187351363712,0.58427120329917,2.90106476550172e-08,2.71124091477549,-1.6306400674182e-15,2.71107058965211,-2.04697370165263e-15,-3.2914179454402,-1.69309011255336e-15,0.00248853509231028,-3.53883589099269e-16,0,0,6,0
1.5,-90,2.71090178694118,96.2144620696085,0.5793731334213,2.84943552169065e-08,2.71107058965211,-2.04697370165263e-15,2.71090178694118,-2.17187379192296e-15,-3.29158080133908,-1.70696790036118e-15,0.00248258828026331,-4.64905891561784e-16,0,0,6,0
1.51,-90,2.71072192540214,96.2415710874779,0.616423488185419,3.23501732275286e-08,2.71090178694118,-2.17187379192296e-15,2.71072192540214,-1.76247905159244e-15,-3.29175473449578,-1.27675647831893e-15,0.00247665989791825,-4.85722573273506e-16,0,0,6,0
1.52,-90,2.71054360477905,96.2686783067319,0.61146261365724,3.17982446196336e-08,2.71072192540214,-1.76247905159244e-15,2.71054360477905,-2.07472927726826e-15,-3.29192714163231,-1.69309011255336e-15,0.00247074641135733,-3.81639164714898e-16,0,0,6,0
1.53,-90,2.71035402946859,96.2957837427797,0.649164833665022,3.59387983348013e-08,2.71054360477905,-2.07472927726826e-15,2.71035402946859,-2.17187379192296e-15,-3.29211082176485,-1.70696790036118e-15,0.0024648512334425,-4.64905891561784e-16,0,0,6,0
1.54,-89.9999999999999,2.71016601036041,96.3228872830744,0.64415187372622,3.53511850404701e-08,2.71035402946859,-2.17187379192296e-15,2.71016601036041,-2.62290189567693e-15,-3.29229296042967,-2.13717932240343e-15,0.00245897079008335,-4.85722573273506e-16,0,0,6,0
1.55,-89.9999999999999,2.70996652593556,96.349988943178,0.682555194822318,3.97940357582068e-08,2.71016601036041,-2.62290189567693e-15,2.70996652593556,-2.28289609438548e-15,-3.29248658259827,-1.70696790036118e-15,0.00245310853383007,-5.759281940243e-16,0,0,6,0
1.56,-89.9999999999999,2.70976860894593,96.3770886084374,0.677503654457143,3.91711347820958e-08,2.70996652593556,-2.28289609438548e-15,2.70976860894593,-2.60208521396521e-15,-3.29267865190192,-2.13717932240343e-15,0.00244726084785008,-4.64905891561784e-16,0,0,6,0
1.57,-89.9999999999999,2.70955899906722,96.4041862945268,0.716664555126133,4.39363012523061e-08,2.70976860894593,-2.60208521396521e-15,2.70955899906722,-2.71310751642773e-15,-3.29288243215948,-2.12330153459561e-15,0.00244143122670588,-5.89805981832114e-16,0,0,6,0
1.58,-89.9999999999999,2.70935096272341,96.4312818845175,0.711591537063399,4.32791203476584e-08,2.70955899906722,-2.71310751642773e-15,2.70935096272341,-3.12944115066216e-15,-3.29308465328452,-2.55351295663786e-15,0.00243561600793504,-5.759281940243e-16,0,0,6,0
1.59,-89.9999999999999,2.70913098629411,96.4583753941447,0.751575430943033,4.8389629447014e-08,2.70935096272341,-3.12944115066216e-15,2.70913098629411,-2.91433543964104e-15,-3.29329883243657,-2.24820162486594e-15,0.00242981873068316,-6.66133814775094e-16,0,0,6,0
1.6,-89.9999999999999,2.70891258295227,96.4854667040077,0.746502748295921,4.77000197279376e-08,2.70913098629411,-2.91433543964104e-15,2.70891258295227,-3.29597460435593e-15,-3.29351145273132,-2.67841304690819e-15,0.00242403568358781,-6.17561557447743e-16,0,0,6,0
1.61,-89.9999999999999,2.70868196934672,96.5125558298372,0.787386240384143,5.31826350644078e-08,2.70891258295227,-3.29597460435593e-15,2.70868196934672,-3.71230823859037e-15,-3.29373630110652,-2.98372437868011e-15,0.00241827045323632,-7.28583859910259e-16,0,0,6,0
1.62,-89.9999999999999,2.70845291995351,96.5396426495306,0.782341971810423,5.24636245280388e-08,2.70868196934672,-3.71230823859037e-15,2.70845291995351,-3.78169717762944e-15,-3.29395959932211,-2.99760216648792e-15,0.0024125192756272,-7.84095011141517e-16,0,0,6,0
1.63,-89.9999999999999,2.7082113628568,96.5667271787302,0.824215931088111,5.83498309748417e-08,2.70845291995351,-3.78169717762944e-15,2.7082113628568,-3.90659726789977e-15,-3.29419542293119,-3.12250225675825e-15,0.00240678578798208,-7.84095011141517e-16,0,0,6,0
1.64,-89.9999999999999,2.7079713501216,96.5938092923588,0.819236644879061,5.76061130561715e-08,2.7082113628568,-3.90659726789977e-15,2.7079713501216,-3.37230243729891e-15,-3.29442971604774,-2.55351295663786e-15,0.00240106616933974,-8.18789480661053e-16,0,0,6,0
1.65,-89.9999999999999,2.70771849941473,96.62088900586,0.862210493701574,6.39334799635247e-08,2.7079713501216,-3.37230243729891e-15,2.70771849941473,-3.27515792264421e-15,-3.29467686469641,-2.55351295663786e-15,0.00239536411113948,-7.21644966006352e-16,0,0,6,0
1.66,-89.9999999999999,2.70746715871437,96.6479661908541,0.857344514778172,6.31721476600967e-08,2.70771849941473,-3.27515792264421e-15,2.70746715871437,-3.69843045078255e-15,-3.29492251701603,-2.98372437868011e-15,0.00238967573040079,-7.14706072102445e-16,0,0,6,0
1.67,-89.9999999999999,2.70720260952943,96.6750408624413,0.901552393306604,6.99862712508966e-08,2.70746715871437,-3.69843045078255e-15,2.70720260952943,-3.38618022510673e-15,-3.29518139524739,-2.56739074444567e-15,0.002384004776821,-8.18789480661053e-16,0,0,6,0
1.68,-89.9999999999999,2.70693951647686,96.7021128885366,0.896864756306911,6.92179543122344e-08,2.70720260952943,-3.38618022510673e-15,2.70693951647686,-3.28903571045203e-15,-3.29543883082252,-2.55351295663786e-15,0.00237834729938183,-7.35522753814166e-16,0,0,6,0
1.69,-89.9999999999999,2.70666279401416,96.7291822837013,0.942474692823317,7.65753213584805e-08,2.70693951647686,-3.28903571045203e-15,2.70666279401416,-3.39311911901063e-15,-3.29570991309645,-2.67841304690819e-15,0.00237270711061279,-7.14706072102445e-16,0,0,6,0
1.7,-89.9999999999999,2.70638744693501,96.7562489116415,0.938054941752009,7.58160139989438e-08,2.70666279401416,-3.39311911901063e-15,2.70638744693501,-3.30291349825984e-15,-3.29597963324915,-2.56739074444567e-15,0.00236708018415516,-7.35522753814166e-16,0,0,6,0
1.71,-89.9999999999999,2.70609798467191,96.7833127861108,0.985283076135473,8.37884017591047e-08,2.70638744693501,-3.30291349825984e-15,2.70609798467191,-3.30291349825984e-15,-3.29626348572865,-2.56739074444567e-15,0.00236147040055822,-7.35522753814166e-16,0,0,6,0
1.72,-89.9999999999999,2.70580977895267,96.8103737659576,0.981258129084532,8.30625366024781e-08,2.70609798467191,-3.30291349825984e-15,2.70580977895267,-3.27515792264421e-15,-3.29654609469637,-2.56739074444567e-15,0.00235587364903793,-7.07767178198537e-16,0,0,6,0
1.73,-89.9999999999999,2.70550688602229,96.8374318637471,1.03039194063921,9.17441272719606e-08,2.70580977895267,-3.27515792264421e-15,2.70550688602229,-3.25434124093249e-15,-3.29684340786174,-2.56739074444567e-15,0.00235029388402922,-6.86950496486816e-16,0,0,6,0
1.74,-89.9999999999999,2.70520507474172,96.8644869326073,1.02694857456919,9.10900490788658e-08,2.70550688602229,-3.25434124093249e-15,2.70520507474172,-3.22658566531686e-15,-3.29713965215692,-2.55351295663786e-15,0.00234472689864274,-6.73072708679001e-16,0,0,6,0
1.75,-89.9999999999999,2.70488788441473,96.8915389833547,1.07838737437391,1.00609703540856e-07,2.70520507474172,-3.22658566531686e-15,2.70488788441473,-3.28209681654812e-15,-3.29745129231301,-2.56739074444567e-15,0.00233917672773347,-7.14706072102445e-16,0,0,6,0
1.76,-89.9999999999999,2.70457151411928,96.9185878621988,1.07581456821245,1.00090163838665e-07,2.70488788441473,-3.28209681654812e-15,2.70457151411928,-3.2682190287403e-15,-3.29776212493332,-2.55351295663786e-15,0.0023336390526037,-7.14706072102445e-16,0,0,6,0
1.77,-89.9999999999999,2.70423889650553,96.94563357734,1.13014639950475,1.1063447698127e-07,2.70457151411928,-3.2682190287403e-15,2.70423889650553,-3.30291349825984e-15,-3.29808922148994,-2.56739074444567e-15,0.0023281179954628,-7.35522753814166e-16,0,0,6,0
1.78,-89.9999999999999,2.70390670817693,96.9726759663051,1.12887442648588,1.10349085658978e-07,2.70423889650553,-3.30291349825984e-15,2.70390670817693,-3.2612801348364e-15,-3.29841590092638,-2.55351295663786e-15,0.00232260910330948,-7.07767178198537e-16,0,0,6,0
1.79,-89.9999999999999,2.70355790014767,96.9997150333869,1.18444620432224,1.21667041273895e-07,2.70390670817693,-3.2612801348364e-15,2.70355790014767,-3.2682190287403e-15,-3.29875921644832,-2.55351295663786e-15,0.00231711659598885,-7.14706072102445e-16,0,0,6,0
1.8,-89.9999999999999,2.70321013627317,97.0267506123884,1.18112347762073,1.20939712406461e-07,2.70355790014767,-3.2682190287403e-15,2.70321013627317,-3.15719672627779e-15,-3.29910149978881,-2.44249065417534e-15,0.00231163606197707,-7.14706072102445e-16,0,0,6,0
1.81,-89.9999999999999,2.70284572473245,97.0537827137511,1.23678812198803,1.32795771010555e-07,2.70321013627317,-3.15719672627779e-15,2.70284572473245,-3.24046345312468e-15,-3.29946044723885,-2.55351295663786e-15,0.00230617197130254,-6.86950496486816e-16,0,0,6,0
1.82,-89.9999999999999,2.70248297334155,97.0808111709984,1.2314112950667,1.31588571598697e-07,2.70284572473245,-3.24046345312468e-15,2.70248297334155,-3.2612801348364e-15,-3.29981774644099,-2.55351295663786e-15,0.00230071978253851,-7.07767178198537e-16,0,0,6,0
1.83,-89.9999999999999,2.70210352388843,97.1078360007318,1.28724360377814,1.43981887474218e-07,2.70248297334155,-3.2612801348364e-15,2.70210352388843,-3.2612801348364e-15,-3.30019176021487,-2.55351295663786e-15,0.00229528410329465,-7.07767178198537e-16,0,0,6,0
1.84,-89.9999999999999,2.70172635239609,97.1348570359707,1.27980660725484,1.42258334633447e-07,2.70210352388843,-3.2612801348364e-15,2.70172635239609,-3.14331893846997e-15,-3.30056350785233,-2.42861286636753e-15,0.00228986024842136,-7.14706072102445e-16,0,0,6,0
1.85,-89.9999999999999,2.70133240993871,97.1618742994947,1.33588159855777,1.55190659727995e-07,2.70172635239609,-3.14331893846997e-15,2.70133240993871,-3.24046345312468e-15,-3.30095204302797,-2.55351295663786e-15,0.00228445296668197,-6.86950496486816e-16,0,0,6,0
1.86,-89.9999999999999,2.70094136588765,97.1888876235941,1.32637563206157,1.52915449870933e-07,2.70133240993871,-3.24046345312468e-15,2.70094136588765,-3.28209681654812e-15,-3.30133769153737,-2.56739074444567e-15,0.00227905742501333,-7.14706072102445e-16,0,0,6,0
1.87,-89.9999999999999,2.70053345536618,97.2158970372529,1.38276864404519,1.66390993522522e-07,2.70094136588765,-3.28209681654812e-15,2.70053345536618,-3.2682190287403e-15,-3.30174022315157,-2.56739074444567e-15,0.00227367851775175,-7.0082828429463e-16,0,0,6,0
1.88,-89.9999999999999,2.70012906715406,97.2429023718066,1.37118216458974,1.63529826100056e-07,2.70053345536618,-3.2682190287403e-15,2.70012906715406,-3.24046345312468e-15,-3.30213924410557,-2.55351295663786e-15,0.00226831125963692,-6.86950496486816e-16,0,0,6,0
1.89,-89.9999999999999,2.699707694238,97.2699036624781,1.42796895502671,1.77555134395301e-07,2.70012906715406,-3.24046345312468e-15,2.699707694238,-3.2682190287403e-15,-3.30255526645713,-2.55351295663786e-15,0.00226296069512056,-7.14706072102445e-16,0,0,6,0
1.9,-89.9999999999999,2.69929047181928,97.2969007394205,1.41428766174969,1.74074546679971e-07,2.699707694238,-3.2682190287403e-15,2.69929047181928,-3.28209681654812e-15,-3.30296714986305,-2.55351295663786e-15,0.00225762168232764,-7.28583859910259e-16,0,0,6,0
1.91,-89.9999999999999,2.69885612357911,97.3238936441387,1.47154450849264,1.88658393740581e-07,2.69929047181928,-3.28209681654812e-15,2.69885612357911,-3.2682190287403e-15,-3.30339617584139,-2.55351295663786e-15,0.0022522994204963,-7.14706072102445e-16,0,0,6,0
1.92,-89.9999999999999,2.69842655914242,97.3508822053745,1.45575132374039,1.84525605264848e-07,2.69885612357911,-3.2682190287403e-15,2.69842655914242,-3.24740234702858e-15,-3.30382042946416,-2.55351295663786e-15,0.00224698860658137,-6.93889390390723e-16,0,0,6,0
1.93,-89.9999999999999,2.69797970469671,97.3778664709659,1.51355512580642,1.9967889565468e-07,2.69842655914242,-3.24740234702858e-15,2.69797970469671,-3.2612801348364e-15,-3.30426198990271,-2.55351295663786e-15,0.00224169459941146,-7.07767178198537e-16,0,0,6,0
1.94,-89.9999999999999,2.69753827331867,97.4048462680129,1.49563017253881,1.9486166151857e-07,2.69797970469671,-3.2612801348364e-15,2.69753827331867,-3.24740234702858e-15,-3.30469813861141,-2.55351295663786e-15,0.00223641193007416,-6.93889390390723e-16,0,0,6,0
1.95,-89.9999999999999,2.69707936445728,97.4318216507461,1.5540585520159,2.10597343055944e-07,2.69753827331867,-3.24740234702858e-15,2.69707936445728,-3.28209681654812e-15,-3.30515178166465,-2.55351295663786e-15,0.00223114612192948,-7.28583859910259e-16,0,0,6,0
1.96,-89.9999999999999,2.69663326104304,97.4587924443907,1.51152476274718,1.99008256198968e-07,2.69707936445728,-3.28209681654812e-15,2.69663326104304,-3.38618022510673e-15,-3.30559263049232,-2.67841304690819e-15,0.00222589153535594,-7.07767178198537e-16,0,0,6,0
1.97,-89.9999999999999,2.69617511354898,97.4857587770011,1.55184735847912,2.09899126311964e-07,2.69663326104304,-3.38618022510673e-15,2.69617511354898,-3.27515792264421e-15,-3.30604554208175,-2.55351295663786e-15,0.00222065563073678,-7.21644966006352e-16,0,0,6,0
1.98,-89.9999999999999,2.69572978349993,97.5127205281366,1.50927803826653,1.98318852587575e-07,2.69617511354898,-3.27515792264421e-15,2.69572978349993,-3.2682190287403e-15,-3.30648564893644,-2.55351295663786e-15,0.00221543243637352,-7.14706072102445e-16,0,0,6,0
1.99,-89.9999999999999,2.69527239754973,97.5396778259716,1.54963949402502,2.09201907441734e-07,2.69572978349993,-3.2682190287403e-15,2.69527239754973,-3.2682190287403e-15,-3.30693783036027,-2.55351295663786e-15,0.00221022791000469,-7.14706072102445e-16,0,0,6,0
2,-89.9999999999999,2.69482783946074,97.5666305499471,1.50703460848217,1.97631894487249e-07,2.69527239754973,-3.2682190287403e-15,2.69482783946074,-3.2612801348364e-15,-3.30737719652855,-2.55351295663786e-15,0.00220503598928446,-7.07767178198537e-16,0,0,6,0
2.01,-89.9999999999999,2.69437121351167,97.5935788283417,1.54743495590656,2.08507257363399e-07,2.69482783946074,-3.2612801348364e-15,2.69437121351167,-3.25434124093249e-15,-3.30782864908161,-2.55351295663786e-15,0.00219986259327454,-7.0082828429463e-16,0,0,6,0
2.02,-89.9999999999999,2.69392742584348,97.6205225404768,1.50479446889665,1.96947494439468e-07,2.69437121351167,-3.25434124093249e-15,2.69392742584348,-3.27515792264421e-15,-3.30826727584623,-2.55351295663786e-15,0.00219470168970594,-7.21644966006352e-16,0,0,6,0
2.03,-89.9999999999999,2.69347155834828,97.6474618147353,1.54523373951897,2.07815173176472e-07,2.69392742584348,-3.27515792264421e-15,2.69347155834828,-3.27515792264421e-15,-3.30871800081953,-2.55351295663786e-15,0.00218955916780838,-7.21644966006352e-16,0,0,6,0
2.04,-89.9999999999999,2.69302853956627,97.6743965303187,1.50255761486956,1.9626564121788e-07,2.69347155834828,-3.27515792264421e-15,2.69302853956627,-3.28209681654812e-15,-3.30915588945945,-2.55351295663786e-15,0.00218442902571416,-7.28583859910259e-16,0,0,6,0
2.05,-89.9999999999999,2.69257342898271,97.7013268157144,1.54303584025339,2.07125643262425e-07,2.69302853956627,-3.28209681654812e-15,2.69257342898271,-3.28903571045203e-15,-3.30960588814018,-2.56739074444567e-15,0.00217931712289482,-7.21644966006352e-16,0,0,6,0
2.06,-89.9999999999999,2.69213117755725,97.7282525500042,1.50032404176598,1.95586323326562e-07,2.69257342898271,-3.28903571045203e-15,2.69213117755725,-3.2682190287403e-15,-3.31004303993053,-2.55351295663786e-15,0.00217421748777458,-7.14706072102445e-16,0,0,6,0
2.07,-89.9999999999999,2.69167682234805,97.7551738617798,1.54084125350681,2.06438656120525e-07,2.69213117755725,-3.2682190287403e-15,2.69167682234805,-3.27515792264421e-15,-3.3104923136021,-2.56739074444567e-15,0.00216913595015765,-7.07767178198537e-16,0,0,6,0
2.08,-89.9999999999999,2.69123533675445,97.7820906300033,1.49809374495674,1.94909529360971e-07,2.69167682234805,-3.27515792264421e-15,2.69123533675445,-3.2612801348364e-15,-3.31092872981421,-2.55351295663786e-15,0.00216406656866175,-7.07767178198537e-16,0,0,6,0
2.09,-89.9999999999999,2.69078173538726,97.8090029833708,1.53864997468201,2.05754200317114e-07,2.69123533675445,-3.2612801348364e-15,2.69078173538726,-3.24046345312468e-15,-3.31137727975626,-2.55351295663786e-15,0.00215901514351693,-6.86950496486816e-16,0,0,6,0
2.1,-89.9999999999999,2.69034101410575,97.8359108007247,1.49586671981842,1.9423524797764e-07,2.69078173538726,-3.24046345312468e-15,2.69034101410575,-3.40699690681845e-15,-3.31181296165769,-2.692290834716e-15,0.00215397576343809,-7.14706072102445e-16,0,0,6,0
2.11,-89.9999999999999,2.6898881650531,97.8628142108658,1.53646199918755,2.05072264487285e-07,2.69034101410575,-3.40699690681845e-15,2.6898881650531,-3.27515792264421e-15,-3.31226078914608,-2.55351295663786e-15,0.00214895419917271,-7.21644966006352e-16,0,0,6,0
2.12,-89.9999999999999,2.6894482065688,97.8897130925163,1.49364296173333,1.93563467901307e-07,2.6898881650531,-3.27515792264421e-15,2.6894482065688,-3.27515792264421e-15,-3.31269573800063,-2.56739074444567e-15,0.00214394456943697,-7.07767178198537e-16,0,0,6,0
2.13,-89.9999999999999,2.6889961083081,97.916607574582,1.53427732243775,2.04392837331706e-07,2.6894482065688,-3.27515792264421e-15,2.6889961083081,-3.27515792264421e-15,-3.31314284430749,-2.56739074444567e-15,0.00213895261558718,-7.07767178198537e-16,0,0,6,0
2.14,-89.9999999999999,2.68855691111101,97.9434975356651,1.49142246608952,1.92894177930017e-07,2.6889961083081,-3.27515792264421e-15,2.68855691111101,-3.28209681654812e-15,-3.31357706137524,-2.55351295663786e-15,0.00213397248624521,-7.28583859910259e-16,0,0,6,0
2.15,-89.9999999999999,2.6881055621245,97.9703831047762,1.53209593985269,2.03715907619498e-07,2.68855691111101,-3.28209681654812e-15,2.6881055621245,-3.42087469462626e-15,-3.31402344776896,-2.692290834716e-15,0.00212900989346682,-7.28583859910259e-16,0,0,6,0
2.16,-89.9999999999999,2.68766712470946,97.9972641603974,1.48920522828076,1.92227366914857e-07,2.6881055621245,-3.42087469462626e-15,2.68766712470946,-3.28209681654812e-15,-3.31445693430623,-2.55351295663786e-15,0.00212405901568586,-7.28583859910259e-16,0,0,6,0
2.17,-89.9999999999999,2.68721652348422,98.0241408316445,1.52991784685819,2.03041464186678e-07,2.68766712470946,-3.28209681654812e-15,2.68721652348422,-3.27515792264421e-15,-3.31490260205153,-2.56739074444567e-15,0.00211912553574669,-7.07767178198537e-16,0,0,6,0
2.18,-89.9999999999999,2.68677884435085,98.0510129968794,1.48699124370651,1.91563023786548e-07,2.68721652348422,-3.27515792264421e-15,2.68677884435085,-3.28903571045203e-15,-3.31533535931095,-2.56739074444567e-15,0.00211420366180143,-7.21644966006352e-16,0,0,6,0
2.19,-89.9999999999999,2.68632898937874,98.0778807853229,1.52774303888582,2.02369495931018e-07,2.68677884435085,-3.28903571045203e-15,2.68632898937874,-3.2612801348364e-15,-3.31578030966883,-2.55351295663786e-15,0.00210929904757232,-7.07767178198537e-16,0,0,6,0
2.2,-89.9999999999999,2.68589206703149,98.1047440752167,1.48478050777197,1.90901137529371e-07,2.68632898937874,-3.2612801348364e-15,2.68589206703149,-3.24046345312468e-15,-3.31621233889935,-2.55351295663786e-15,0.00210440593083697,-6.86950496486816e-16,0,0,6,0
2.21,-89.9999999999999,2.68544295680913,98.131602995887,1.52557151137288,2.01699991822509e-07,2.68589206703149,-3.24046345312468e-15,2.68544295680913,-3.2682190287403e-15,-3.31665657312715,-2.55351295663786e-15,0.00209952993628361,-7.14706072102445e-16,0,0,6,0
2.22,-89.9999999999999,2.68500678975719,98.1584574254551,1.48257301588799,1.9024169719914e-07,2.68544295680913,-3.2682190287403e-15,2.68500678975719,-3.2682190287403e-15,-3.31708787557403,-2.55351295663786e-15,0.00209466533122299,-7.14706072102445e-16,0,0,6,0
2.23,-89.9999999999999,2.68455842278596,98.1853074933526,1.52340325976239,2.01032940886645e-07,2.68500678975719,-3.2682190287403e-15,2.68455842278596,-3.2682190287403e-15,-3.31753139492543,-2.55351295663786e-15,0.00208981771139736,-7.14706072102445e-16,0,0,6,0
2.24,-89.9999999999999,2.68412300954327,98.2121530775805,1.48036876347114,1.89584691915068e-07,2.68455842278596,-3.2682190287403e-15,2.68412300954327,-3.28903571045203e-15,-3.31796197183029,-2.55351295663786e-15,0.00208498137355935,-7.35522753814166e-16,0,0,6,0
2.25,-89.9999999999999,2.68367538432926,98.2389943076759,1.52123827950309,2.00368332220465e-07,2.68412300954327,-3.28903571045203e-15,2.68367538432926,-3.2682190287403e-15,-3.31840477755534,-2.55351295663786e-15,0.00208016188459142,-7.14706072102445e-16,0,0,6,0
2.26,-89.9999999999999,2.68324072341445,98.2658310615192,1.47816774594366,1.88930110857128e-07,2.68367538432926,-3.2682190287403e-15,2.68324072341445,-3.25434124093249e-15,-3.31883463015615,-2.55351295663786e-15,0.00207535357059783,-7.0082828429463e-16,0,0,6,0
2.27,-89.9999999999999,2.68279383846843,98.2926634687534,1.51907656604943,1.99706154982244e-07,2.68324072341445,-3.25434124093249e-15,2.68279383846843,-3.2682190287403e-15,-3.31927672350126,-2.56739074444567e-15,0.00207056196968757,-7.0082828429463e-16,0,0,6,0
2.28,-89.9999999999999,2.68235992840485,98.319491407138,1.47596995873345,1.88277943271144e-07,2.68279383846843,-3.2682190287403e-15,2.68235992840485,-3.2682190287403e-15,-3.31970585303237,-2.56739074444567e-15,0.00206578143722628,-7.0082828429463e-16,0,0,6,0
2.29,-89.9999999999999,2.68191378224226,98.3463150064221,1.51691811486155,1.99046398393961e-07,2.68235992840485,-3.2682190287403e-15,2.68191378224226,-3.24740234702858e-15,-3.32014723524037,-2.55351295663786e-15,0.00206101748263499,-6.93889390390723e-16,0,0,6,0
2.3,-89.9999999999999,2.68148062155792,98.3731341442445,1.47377539727409,1.87628178465751e-07,2.68191378224226,-3.24740234702858e-15,2.68148062155792,-3.24740234702858e-15,-3.32057564293254,-2.55351295663786e-15,0.00205626449045183,-6.93889390390723e-16,0,0,6,0
2.31,-89.9999999999999,2.68103521269884,98.3999489504601,1.51476292140529,1.98389051740973e-07,2.68148062155792,-3.24740234702858e-15,2.68103521269884,-3.28209681654812e-15,-3.32101631524265,-2.56739074444567e-15,0.00205152794149412,-7.14706072102445e-16,0,0,6,0
2.32,-89.9999999999999,2.68060279992636,98.4267593025871,1.47158405700479,1.86980805809376e-07,2.68103521269884,-3.28209681654812e-15,2.68060279992636,-3.28903571045203e-15,-3.32144400232303,-2.56739074444567e-15,0.00204680224938426,-7.21644966006352e-16,0,0,6,0
2.33,-89.9999999999999,2.6801581268955,98.4535653305863,1.51261098115217,1.9773410437011e-07,2.68060279992636,-3.28903571045203e-15,2.6801581268955,-3.25434124093249e-15,-3.32188396597092,-2.55351295663786e-15,0.00204209286642002,-7.0082828429463e-16,0,0,6,0
2.34,-89.9999999999999,2.67972646057212,98.4803669118553,1.46939593337043,1.86335814736465e-07,2.6801581268955,-3.25434124093249e-15,2.67972646057212,-3.27515792264421e-15,-3.3223109336631,-2.55351295663786e-15,0.00203739423522049,-7.21644966006352e-16,0,0,6,0
2.35,-89.9999999999999,2.67928252189878,98.507164176461,1.51046228957938,1.97081545690551e-07,2.67972646057212,-3.27515792264421e-15,2.67928252189878,-3.41393580072236e-15,-3.32275018988087,-2.67841304690819e-15,0.00203271177964664,-7.35522753814166e-16,0,0,6,0
2.36,-89.9999999999999,2.67885160056635,98.53395700168,1.4672110218215,1.85693194740616e-07,2.67928252189878,-3.41393580072236e-15,2.67885160056635,-3.27515792264421e-15,-3.32317643940487,-2.55351295663786e-15,0.00202803997122783,-7.21644966006352e-16,0,0,6,0
2.37,-89.9999999999999,2.67840839478438,98.5607455176857,1.50831684216978,1.96431365174682e-07,2.67885160056635,-3.27515792264421e-15,2.67840839478438,-3.2682190287403e-15,-3.32361498942109,-2.58126853225349e-15,0.00202338420547029,-6.86950496486816e-16,0,0,6,0
2.38,-89.9999999999999,2.67797821698931,98.5875296016335,1.46502931781414,1.85052935375812e-07,2.67840839478438,-3.2682190287403e-15,2.67797821698931,-3.24740234702858e-15,-3.32404052199342,-2.55351295663786e-15,0.00201873898272762,-6.93889390390723e-16,0,0,6,0
2.39,-89.9999999999999,2.67753574263711,98.6143093838034,1.50617463441188,1.95783552353843e-07,2.67797821698931,-3.24740234702858e-15,2.67753574263711,-3.15025783237388e-15,-3.32447836703313,-2.44249065417534e-15,0.00201410967023344,-7.07767178198537e-16,0,0,6,0
2.4,-89.9999999999999,2.67710630693032,98.6410847412298,1.46285081681011,1.84415026259165e-07,2.67753574263711,-3.15025783237388e-15,2.67710630693032,-3.24740234702858e-15,-3.32490318386676,-2.55351295663786e-15,0.00200949079708007,-6.93889390390723e-16,0,0,6,0
2.41,-89.9999999999999,2.67666456255082,98.6678558042991,1.50403566179986,1.95138096821564e-07,2.67710630693032,-3.24740234702858e-15,2.67666456255082,-3.28903571045203e-15,-3.32534032515149,-2.58126853225349e-15,0.00200488770230927,-7.07767178198537e-16,0,0,6,0
2.42,-89.9999999999999,2.67623586748779,98.6946224499246,1.46067551427676,1.83779457064491e-07,2.67666456255082,-3.28903571045203e-15,2.67623586748779,-3.12250225675825e-15,-3.32576442745587,-2.41473507855972e-15,0.00200029494366757,-7.07767178198537e-16,0,0,6,0
2.43,-89.9999999999999,2.67579485162841,98.7213848085995,1.50189991983351,1.94494988232466e-07,2.67623586748779,-3.12250225675825e-15,2.67579485162841,-3.2682190287403e-15,-3.32620086620368,-2.58126853225349e-15,0.00199571783208518,-6.86950496486816e-16,0,0,6,0
2.44,-89.9999999999999,2.67536689576908,98.7481427571158,1.45850340568707,1.83146217528491e-07,2.67579485162841,-3.2682190287403e-15,2.67536689576908,-3.27515792264421e-15,-3.3266242551848,-2.55351295663786e-15,0.00199115095387936,-7.21644966006352e-16,0,0,6,0
2.45,-89.9999999999999,2.67492660698169,98.7748964260735,1.49976740401829,1.93854216299986e-07,2.67536689576908,-3.27515792264421e-15,2.67492660698169,-3.25434124093249e-15,-3.32705999261025,-2.55351295663786e-15,0.0019865995919478,-7.0082828429463e-16,0,0,6,0
2.46,-89.9999999999999,2.6744993888905,98.8016456921433,1.4563344865196,1.82515297447005e-07,2.67492660698169,-3.25434124093249e-15,2.6744993888905,-3.29597460435593e-15,-3.3274826694706,-2.58126853225349e-15,0.00198205836109525,-7.14706072102445e-16,0,0,6,0
2.47,-89.9999999999999,2.67405982573144,98.8283906860322,1.49763810986526,1.93215770796089e-07,2.6744993888905,-3.29597460435593e-15,2.67405982573144,-3.2612801348364e-15,-3.32791770678482,-2.55351295663786e-15,0.00197753251626633,-7.07767178198537e-16,0,0,6,0
2.48,-89.9999999999999,2.67363334397723,98.8551312842895,1.4541687522585,1.81886686676222e-07,2.67405982573144,-3.2612801348364e-15,2.67363334397723,-3.2682190287403e-15,-3.32833967272344,-2.55351295663786e-15,0.00197301670067073,-7.14706072102445e-16,0,0,6,0
2.49,-89.9999999999999,2.67319450500727,98.8818676177293,1.49551203289109,1.92579641553701e-07,2.67363334397723,-3.2682190287403e-15,2.67319450500727,-3.2682190287403e-15,-3.3287740111341,-2.55351295663786e-15,0.00196851614137749,-7.14706072102445e-16,0,0,6,0
2.5,-89.9999999999999,2.67276875816333,98.9085995627793,1.45200619839351,1.81260375124805e-07,2.67319450500727,-3.2682190287403e-15,2.67276875816333,-3.28903571045203e-15,-3.32919526734659,-2.58126853225349e-15,0.00196402550992021,-7.07767178198537e-16,0,0,6,0
2.51,-89.9999999999999,2.67233064194763,98.935327250361,1.49338916861807,1.91945818463668e-07,2.67276875816333,-3.28903571045203e-15,2.67233064194763,-3.2612801348364e-15,-3.32962890805794,-2.55351295663786e-15,0.00195955000556998,-7.07767178198537e-16,0,0,6,0
2.52,-89.9999999999999,2.67190562859164,98.9620505567804,1.44984682041992,1.80636352766099e-07,2.67233064194763,-3.2612801348364e-15,2.67190562859164,-3.2682190287403e-15,-3.33004945573646,-2.55351295663786e-15,0.00195508432810305,-7.14706072102445e-16,0,0,6,0
2.53,-89.9999999999999,2.67146823369973,98.9887696130664,1.4912695125741,1.91314291475636e-07,2.67190562859164,-3.2682190287403e-15,2.67146823369973,-3.2682190287403e-15,-3.33048239994934,-2.55351295663786e-15,0.00195063364906898,-7.14706072102445e-16,0,0,6,0
2.54,-89.9999999999999,2.67104395241375,99.0154842954034,1.44769061383859,1.80014609630242e-07,2.67146823369973,-3.2682190287403e-15,2.67104395241375,-3.13638004456607e-15,-3.33090224028266,-2.41473507855972e-15,0.00194619269640682,-7.21644966006352e-16,0,0,6,0
2.55,-89.9999999999999,2.67060727741951,99.0421947349275,1.48915306029266,1.90685050597359e-07,2.67104395241375,-3.13638004456607e-15,2.67060727741951,-3.37924133120282e-15,-3.33133448919451,-2.692290834716e-15,0.0019417666140203,-6.86950496486816e-16,0,0,6,0
2.56,-89.9999999999999,2.67018372678995,99.0689008077017,1.44553757415595,1.79395135799364e-07,2.67060727741951,-3.37924133120282e-15,2.67018372678995,-3.14331893846997e-15,-3.33175362336799,-2.44249065417534e-15,0.00193735015793241,-7.0082828429463e-16,0,0,6,0
2.57,-89.9999999999999,2.6697477702716,99.0956026449696,1.48703980731281,1.90058085892861e-07,2.67018372678995,-3.14331893846997e-15,2.6697477702716,-3.23352455922077e-15,-3.33218517817288,-2.55351295663786e-15,0.0019329484444761,-6.80011602582908e-16,0,0,6,0
2.58,-89.9999999999999,2.66932494888919,99.1223001226723,1.44338769688395,1.78777921421234e-07,2.6697477702716,-3.23352455922077e-15,2.66932494888919,-3.13638004456607e-15,-3.33260360736849,-2.41473507855972e-15,0.00192855625767919,-7.21644966006352e-16,0,0,6,0
2.59,-89.9999999999999,2.66888970942925,99.1489933721612,1.48492974917919,1.89433387483698e-07,2.66932494888919,-3.13638004456607e-15,2.66888970942925,-3.24740234702858e-15,-3.33303446925712,-2.55351295663786e-15,0.00192417868637867,-6.93889390390723e-16,0,0,6,0
2.6,-89.9999999999999,2.66846761588904,99.1756822692555,1.4412409775401,1.78162956692775e-07,2.66888970942925,-3.24740234702858e-15,2.66846761588904,-3.2612801348364e-15,-3.33345219465349,-2.55351295663786e-15,0.00191981054252935,-7.07767178198537e-16,0,0,6,0
2.61,-89.9999999999999,2.66803309207433,99.2023669454144,1.482822881442,1.88810945550215e-07,2.66846761588904,-3.2612801348364e-15,2.66803309207433,-3.2682190287403e-15,-3.33388236481322,-2.55351295663786e-15,0.00191545688754591,-7.14706072102445e-16,0,0,6,0
2.62,-89.9999999999999,2.66761172497562,99.2290472763351,1.43909741164743,1.77550231871439e-07,2.66803309207433,-3.2682190287403e-15,2.66761172497562,-3.25434124093249e-15,-3.33429938758561,-2.55351295663786e-15,0.00191111256123297,-7.0082828429463e-16,0,0,6,0
2.63,-89.9999999999999,2.66717791539721,99.2557233935848,1.480719199657,1.88190750324688e-07,2.66761172497562,-3.25434124093249e-15,2.66717791539721,-3.27515792264421e-15,-3.33472886720045,-2.55351295663786e-15,0.00190678259765602,-7.21644966006352e-16,0,0,6,0
2.64,-89.9999999999999,2.66675727334359,99.2823951727388,1.43695699473448,1.76939737267413e-07,2.66717791539721,-3.27515792264421e-15,2.66675727334359,-3.27515792264421e-15,-3.3351451885208,-2.55351295663786e-15,0.00190246186439313,-7.21644966006352e-16,0,0,6,0
2.65,-89.9999999999999,2.66632417659678,99.3090627454722,1.47861869938553,1.87572792100696e-07,2.66675727334359,-3.27515792264421e-15,2.66632417659678,-3.2682190287403e-15,-3.33557397877145,-2.55351295663786e-15,0.0018981553682328,-7.14706072102445e-16,0,0,6,0
2.66,-89.9999999999999,2.66590425819608,99.3357259872382,1.43481972233532,1.76331463250449e-07,2.66632417659678,-3.2682190287403e-15,2.66590425819608,-3.2612801348364e-15,-3.33598959980838,-2.55351295663786e-15,0.00189385800445087,-7.07767178198537e-16,0,0,6,0
2.67,-89.9999999999999,2.66547187288039,99.3623850298202,1.47652137619441,1.86957061221661e-07,2.66590425819608,-3.2612801348364e-15,2.66547187288039,-3.29597460435593e-15,-3.33641770187224,-2.55351295663786e-15,0.00188957475263038,-7.42461647718073e-16,0,0,6,0
2.68,-89.9999999999999,2.66505267674462,99.389039748549,1.43268558998952,1.75725400240977e-07,2.66547187288039,-3.29597460435593e-15,2.66505267674462,-3.40005801291454e-15,-3.33683262379105,-2.692290834716e-15,0.00188530053567031,-7.07767178198537e-16,0,0,6,0
2.69,-89.9999999999999,2.66462100146378,99.4156902753164,1.47442722565606,1.86343548091345e-07,2.66505267674462,-3.40005801291454e-15,2.66462100146378,-3.2682190287403e-15,-3.33726003884224,-2.55351295663786e-15,0.00188104030601907,-7.14706072102445e-16,0,0,6,0
2.7,-89.9999999999999,2.66420252620917,99.4423364853311,1.43055459324215,1.7512153871619e-07,2.66462100146378,-3.2682190287403e-15,2.66420252620917,-3.28903571045203e-15,-3.33767426280495,-2.58126853225349e-15,0.00187678901412419,-7.07767178198537e-16,0,0,6,0
2.71,-89.9999999999999,2.66377155957106,99.4689785105931,1.47233624334838,1.85732243165881e-07,2.66420252620917,-3.28903571045203e-15,2.66377155957106,-3.27515792264421e-15,-3.33810099201431,-2.55351295663786e-15,0.00187255158536974,-7.21644966006352e-16,0,0,6,0
2.72,-89.9999999999999,2.66335380381801,99.4956162261889,1.42842672764375,1.74519869206769e-07,2.66377155957106,-3.27515792264421e-15,2.66335380381801,-3.25434124093249e-15,-3.33851451917967,-2.55351295663786e-15,0.00186832299767878,-7.0082828429463e-16,0,0,6,0
2.73,-89.9999999999999,2.66292354443467,99.522249764227,1.47024842485481,1.85123136956954e-07,2.66335380381801,-3.25434124093249e-15,2.66292354443467,-3.2682190287403e-15,-3.33894056371477,-2.55351295663786e-15,0.00186410814944024,-7.14706072102445e-16,0,0,6,0
2.74,-89.9999999999999,2.66250650680771,99.5488789996714,1.42630198875034,1.73920382299959e-07,2.66292354443467,-3.2682190287403e-15,2.66250650680771,-3.25434124093249e-15,-3.33935339523827,-2.55351295663786e-15,0.00185990204597947,-7.0082828429463e-16,0,0,6,0
2.75,-89.9999999999999,2.66207695329529,99.5755040647395,1.46816376576427,1.8451622002656e-07,2.66250650680771,-3.25434124093249e-15,2.66207695329529,-3.2682190287403e-15,-3.33977875626347,-2.55351295663786e-15,0.00185570955875987,-7.14706072102445e-16,0,0,6,0
2.76,-89.9999999999999,2.66166063242309,99.6021248342724,1.42418037212345,1.73323068631499e-07,2.66207695329529,-3.2682190287403e-15,2.66166063242309,-3.27515792264421e-15,-3.34019089329735,-2.55351295663786e-15,0.00185152572043665,-7.21644966006352e-16,0,0,6,0
2.77,-89.9999999999999,2.66123178340188,99.6287414405966,1.46608226167123,1.83911482995906e-07,2.66166063242309,-3.27515792264421e-15,2.66123178340188,-3.2682190287403e-15,-3.34061557197374,-2.55351295663786e-15,0.0018473553756155,-7.14706072102445e-16,0,0,6,0
2.78,-89.9999999999999,2.6608161779172,99.6553537584307,1.42206187333003,1.72727918896101e-07,2.66123178340188,-3.2682190287403e-15,2.6608161779172,-3.37924133120282e-15,-3.34102701566701,-2.66453525910038e-15,0.00184319358421068,-7.14706072102445e-16,0,0,6,0
2.79,-89.9999999999999,2.66038803201154,99.6819619202098,1.4640039081756,1.83308916533692e-07,2.6608161779172,-3.37924133120282e-15,2.66038803201154,-3.28903571045203e-15,-3.3414510131525,-2.55351295663786e-15,0.0018390451640372,-7.35522753814166e-16,0,0,6,0
2.8,-89.9999999999999,2.65997314055123,99.7085658005299,1.4199464879425,1.72134923836448e-07,2.66038803201154,-3.28903571045203e-15,2.65997314055123,-3.2682190287403e-15,-3.34186176465097,-2.55351295663786e-15,0.00183490520219776,-7.14706072102445e-16,0,0,6,0
2.81,-89.9999999999999,2.65954569638953,99.7351655319355,1.4619287008828,1.82708511368034e-07,2.65997314055123,-3.2682190287403e-15,2.65954569638953,-3.38618022510673e-15,-3.34228508210025,-2.692290834716e-15,0.00183077848978361,-6.93889390390723e-16,0,0,6,0
2.82,-89.9999999999999,2.6591315175945,99.7617609888993,1.41783421153873,1.71544074251055e-07,2.65954569638953,-3.38618022510673e-15,2.6591315175945,-3.27515792264421e-15,-3.34269514254651,-2.55351295663786e-15,0.0018266601410158,-7.21644966006352e-16,0,0,6,0
2.83,-89.9999999999999,2.65870477380923,99.7883523040753,1.45985663540373,1.82110258274026e-07,2.6591315175945,-3.27515792264421e-15,2.65870477380923,-3.2682190287403e-15,-3.3431177811111,-2.55351295663786e-15,0.00182255492032785,-7.14706072102445e-16,0,0,6,0
2.84,-89.9999999999999,2.65829130632442,99.8149393518134,1.41572503970202,1.70955360988106e-07,2.65870477380923,-3.2682190287403e-15,2.65829130632442,-3.27515792264421e-15,-3.34352715164457,-2.55351295663786e-15,0.00181845796899004,-7.21644966006352e-16,0,0,6,0
2.85,-89.9999999999999,2.65786526155203,99.8415222648766,1.45778770735475,1.8151414808184e-07,2.65829130632442,-3.27515792264421e-15,2.65786526155203,-3.27515792264421e-15,-3.34394911247281,-2.55351295663786e-15,0.00181437402484339,-7.21644966006352e-16,0,0,6,0
2.86,-89.9999999999999,2.65745250402642,99.8681009174922,1.41361896802111,1.70368774948136e-07,2.65786526155203,-3.27515792264421e-15,2.65745250402642,-3.28903571045203e-15,-3.34435779422972,-2.58126853225349e-15,0.00181029825613909,-7.07767178198537e-16,0,0,6,0
2.87,-89.9999999999999,2.65702715690739,99.8946754425324,1.45572191235767,1.80920171673426e-07,2.65745250402642,-3.28903571045203e-15,2.65702715690739,-3.27515792264421e-15,-3.3447790784668,-2.55351295663786e-15,0.00180623537419026,-7.21644966006352e-16,0,0,6,0
2.88,-89.9999999999999,2.65661510799393,99.9212457141015,1.41151599209015,1.69784307083773e-07,2.65702715690739,-3.27515792264421e-15,2.65661510799393,-3.28209681654812e-15,-3.34518707258024,-2.58126853225349e-15,0.00180218057416075,-7.0082828429463e-16,0,0,6,0
2.89,-89.9999999999999,2.65619045717269,99.9478118651814,1.45365924603976,1.8032831997961e-07,2.65661510799393,-3.28209681654812e-15,2.65619045717269,-3.2612801348364e-15,-3.34560768136821,-2.55351295663786e-15,0.00179813854090018,-7.07767178198537e-16,0,0,6,0
2.9,-89.9999999999999,2.65577911552831,99.9743737697531,1.40941610750871,1.69201948398733e-07,2.65619045717269,-3.2612801348364e-15,2.65577911552831,-3.31679128606766e-15,-3.34601498896811,-2.58126853225349e-15,0.00179410449641826,-7.35522753814166e-16,0,0,6,0
2.91,-89.9999999999999,2.65535515965326,100.000931560908,1.45159970403374,1.79738583985888e-07,2.65577911552831,-3.31679128606766e-15,2.65535515965326,-3.2612801348364e-15,-3.3464349234459,-2.55351295663786e-15,0.00179008309916382,-7.07767178198537e-16,0,0,6,0
2.92,-89.9999999999999,2.65494452393886,100.027485112505,1.40731930988178,1.68621689946477e-07,2.65535515965326,-3.2612801348364e-15,2.65494452393886,-3.2682190287403e-15,-3.34684154565907,-2.55351295663786e-15,0.00178606959792611,-7.14706072102445e-16,0,0,6,0
2.93,-89.9999999999999,2.65452126166233,100.054034557744,1.44954328197773,1.79150954728002e-07,2.65494452393886,-3.2682190287403e-15,2.65452126166233,-3.28903571045203e-15,-3.34726080696248,-2.58126853225349e-15,0.00178206862481606,-7.07767178198537e-16,0,0,6,0
2.94,-89.9999999999999,2.65411133054271,100.080579770361,1.4052255948197,1.68043522831778e-07,2.65452126166233,-3.28903571045203e-15,2.65411133054271,-3.2682190287403e-15,-3.34766674491262,-2.55351295663786e-15,0.00177807545533653,-7.14706072102445e-16,0,0,6,0
2.95,-89.9999999999999,2.65368876052096,100.107120883666,1.44748997551533,1.78565423288318e-07,2.65411133054271,-3.2682190287403e-15,2.65368876052096,-3.2612801348364e-15,-3.34808533417437,-2.55351295663786e-15,0.00177409469532245,-7.07767178198537e-16,0,0,6,0
2.96,-89.9999999999999,2.65327953266486,100.133657771272,1.40313495793825,1.67467438206824e-07,2.65368876052096,-3.2612801348364e-15,2.65327953266486,-3.25434124093249e-15,-3.34849058898207,-2.55351295663786e-15,0.00177012164692553,-7.0082828429463e-16,0,0,6,0
2.97,-89.9999999999999,2.652857653558,100.160190566598,1.44543978029552,1.77981980803475e-07,2.65327953266486,-3.25434124093249e-15,2.652857653558,-3.2612801348364e-15,-3.34890850733177,-2.55351295663786e-15,0.00176616088976587,-7.07767178198537e-16,0,0,6,0
2.98,-89.9999999999999,2.65244912763804,100.186719143134,1.40104739485855,1.66893427278975e-07,2.652857653558,-3.2612801348364e-15,2.65244912763804,-2.41473507855972e-15,-3.34931308011454,-1.69309011255336e-15,0.00176220775257964,-7.21644966006352e-16,0,0,6,0
2.99,-90,2.65202793811009,100.21324363441,1.44339269197269,1.77400618458489e-07,2.65244912763804,-2.41473507855972e-15,2.65202793811009,-2.2065682614425e-15,-3.34973032867875,-1.69309011255336e-15,0.00175826678883245,-5.13478148889135e-16,0,0,6,0
3,-90,2.65162011280276,100.239763913791,1.39896290120713,1.66321481298873e-07,2.65202793811009,-2.2065682614425e-15,2.65162011280276,-2.15799600411515e-15,-3.35013422055103,-1.69309011255336e-15,0.00175433335378164,-4.64905891561784e-16,0,0,6,0
3.01,-90,2.65119961152156,100.266280114919,1.44134870620664,1.76821327488388e-07,2.65162011280276,-2.15799600411515e-15,2.65119961152156,-2.15799600411515e-15,-3.35055080045324,-1.69309011255336e-15,0.00175041197479826,-4.64905891561784e-16,0,0,6,0
3.02,-90,2.6507924855072,100.292792111035,1.39688147261586,1.65751591567478e-07,2.65119961152156,-2.15799600411515e-15,2.6507924855072,-2.15799600411515e-15,-3.3509540125264,-1.69309011255336e-15,0.0017464980335978,-4.64905891561784e-16,0,0,6,0
3.03,-90,2.65037267114444,100.31930003589,1.43930781866257,1.76244099176468e-07,2.6507924855072,-2.15799600411515e-15,2.65037267114444,-2.17187379192296e-15,-3.35136992488707,-1.69309011255336e-15,0.00174259603151607,-4.78783679369599e-16,0,0,6,0
3.04,-90,2.64996624310722,100.345803762601,1.39480310472195,1.65183749438337e-07,2.65037267114444,-2.17187379192296e-15,2.64996624310722,-2.2065682614425e-15,-3.35177245826944,-1.72084568816899e-15,0.00173870137666411,-4.85722573273506e-16,0,0,6,0
3.05,-90,2.6495471143384,100.372303425032,1.43727002501103,1.75668924853312e-07,2.64996624310722,-2.2065682614425e-15,2.6495471143384,-2.19269047363468e-15,-3.352187704206,-1.72084568816899e-15,0.00173481854440114,-4.71844785465692e-16,0,0,6,0
3.06,-90,2.6491413829663,100.398798896176,1.392727793168,1.64617946309738e-07,2.6495471143384,-2.19269047363468e-15,2.6491413829663,-2.19962936753859e-15,-3.35258956000287,-1.72084568816899e-15,0.00173094296917295,-4.78783679369599e-16,0,0,6,0
3.07,-90,2.64872293847069,100.425290310005,1.43523532092799,1.75095795901396e-07,2.6491413829663,-2.19962936753859e-15,2.64872293847069,-2.16493489801906e-15,-3.35300414062973,-1.69309011255336e-15,0.0017270791004192,-4.71844785465692e-16,0,0,6,0
3.08,-89.9999999999999,2.64831790245547,100.45177753939,1.3906555336019,1.64054173626299e-07,2.64872293847069,-2.16493489801906e-15,2.64831790245547,-2.33840724561674e-15,-3.35340531994339,-1.85962356624714e-15,0.00172322239885961,-4.78783679369599e-16,0,0,6,0
3.09,-89.9999999999999,2.64790014091614,100.478260718414,1.43320370209477,1.74524703748508e-07,2.64831790245547,-2.33840724561674e-15,2.64790014091614,-2.32452945780892e-15,-3.35381923637194,-1.83186799063151e-15,0.00171937728807192,-4.92661467177413e-16,0,0,6,0
3.1,-90,2.64749579895333,100.504739719824,1.3885863216769,1.63492422884847e-07,2.64790014091614,-2.32452945780892e-15,2.64749579895333,-2.18575157973078e-15,-3.35421974030166,-1.69309011255336e-15,0.00171553925498962,-4.92661467177413e-16,0,0,6,0
3.11,-90,2.64707871905706,100.531214677813,1.43117516419803,1.73955639872354e-07,2.64749579895333,-2.18575157973078e-15,2.64707871905706,-2.16493489801906e-15,-3.35463299364032,-1.69309011255336e-15,0.00171171269738475,-4.71844785465692e-16,0,0,6,0
3.12,-90,2.64667506984596,100.557685465004,1.38652015305158,1.62932685626608e-07,2.64707871905706,-2.16493489801906e-15,2.64667506984596,-2.17187379192296e-15,-3.35503282328239,-1.69309011255336e-15,0.00170789312834505,-4.78783679369599e-16,0,0,6,0
3.13,-90,2.64625867028328,100.584152215702,1.42914970292981,1.73388595794384e-07,2.64667506984596,-2.17187379192296e-15,2.64625867028328,-2.17881268582687e-15,-3.35544541463661,-1.69309011255336e-15,0.00170408491989299,-4.85722573273506e-16,0,0,6,0
3.14,-90,2.64585571252689,100.610614802405,1.3844570233898,1.62374953440221e-07,2.64625867028328,-2.17881268582687e-15,2.64585571252689,-2.18575157973078e-15,-3.35584457108433,-1.69309011255336e-15,0.00170028361121201,-4.92661467177413e-16,0,0,6,0
3.15,-90,2.64543999199205,100.63707335953,1.42712731398747,1.72823563087713e-07,2.64585571252689,-2.18575157973078e-15,2.64543999199205,-2.17187379192296e-15,-3.35625650155658,-1.69309011255336e-15,0.00169649354862973,-4.78783679369599e-16,0,0,6,0
3.16,-89.9999999999999,2.64503772439708,100.66352775945,1.38239692836076,1.61819217961141e-07,2.64543999199205,-2.17187379192296e-15,2.64503772439708,-2.29677388219329e-15,-3.35665498590029,-1.83186799063151e-15,0.00169271029736715,-4.64905891561784e-16,0,0,6,0
3.17,-90,2.644622681588,100.689978136694,1.42510799307372,1.72260533370586e-07,2.64503772439708,-2.29677388219329e-15,2.644622681588,-2.17187379192296e-15,-3.35706625659012,-1.69309011255336e-15,0.00168893817811174,-4.78783679369599e-16,0,0,6,0
3.18,-90,2.64422110286487,100.71642436351,1.38033986363892,1.61265470871044e-07,2.644622681588,-2.17187379192296e-15,2.64422110286487,-2.18575157973078e-15,-3.3574640699172,-1.72084568816899e-15,0.00168517278206508,-4.64905891561784e-16,0,0,6,0
3.19,-90,2.64380673648314,100.742866574539,1.42309173589659,1.71699498306156e-07,2.64422110286487,-2.18575157973078e-15,2.64380673648314,-2.17187379192296e-15,-3.35787468192119,-1.69309011255336e-15,0.00168141840432783,-4.78783679369599e-16,0,0,6,0
3.2,-90,2.64340584534592,100.769304641904,1.37828582490406,1.60713703897606e-07,2.64380673648314,-2.17187379192296e-15,2.64340584534592,-2.18575157973078e-15,-3.3582718253161,-1.72084568816899e-15,0.00167767066202534,-4.64905891561784e-16,0,0,6,0
3.21,-90,2.6429921540968,100.795738700357,1.42107853816942,1.71140449603745e-07,2.64340584534592,-2.18575157973078e-15,2.6429921540968,-2.19962936753859e-15,-3.35868177972793,-1.72084568816899e-15,0.00167393382472492,-4.78783679369599e-16,0,0,6,0
3.22,-90,2.64259194926322,100.822168621898,1.37623480784122,1.60163908815684e-07,2.6429921540968,-2.19962936753859e-15,2.64259194926322,-2.19962936753859e-15,-3.3590782542722,-1.72084568816899e-15,0.00167020353542003,-4.78783679369599e-16,0,0,6,0
3.23,-90,2.64217893185557,100.848594541391,1.41906839561088,1.70583379021914e-07,2.64259194926322,-2.19962936753859e-15,2.64217893185557,-2.19962936753859e-15,-3.35948755218262,-1.72084568816899e-15,0.0016664840381963,-4.78783679369599e-16,0,0,6,0
3.24,-90,2.641779412047,100.875016330709,1.37418680814073,1.59616077442119e-07,2.64217893185557,-2.19962936753859e-15,2.641779412047,-2.17187379192296e-15,-3.35988335895486,-1.69309011255336e-15,0.00166277100186035,-4.78783679369599e-16,0,0,6,0
3.25,-90,2.64136706719331,100.90143412483,1.41706130394491,1.70028278360887e-07,2.641779412047,-2.17187379192296e-15,2.64136706719331,-2.16493489801906e-15,-3.36029200145175,-1.69309011255336e-15,0.00165906864506838,-4.71844785465692e-16,0,0,6,0
3.26,-90,2.64096823113471,100.927847795502,1.37214182149817,1.59070201641198e-07,2.64136706719331,-2.16493489801906e-15,2.64096823113471,-2.18575157973078e-15,-3.36068714152767,-1.72084568816899e-15,0.00165537266238496,-4.64905891561784e-16,0,0,6,0
3.27,-90,2.64055655755107,100.954257477813,1.41505725890077,1.69475139469673e-07,2.64096823113471,-2.18575157973078e-15,2.64055655755107,-2.19962936753859e-15,-3.36109512969602,-1.72084568816899e-15,0.00165168724708813,-4.78783679369599e-16,0,0,6,0
3.28,-89.9999999999999,2.640158403971,100.980663043388,1.37009984361437,1.58526273324418e-07,2.64055655755107,-2.19962936753859e-15,2.640158403971,-2.22044604925031e-15,-3.36148960414845,-1.72084568816899e-15,0.00164800811944669,-4.9960036108132e-16,0,0,6,0
3.29,-90,2.63974740037705,101.007064627428,1.41305625621299,1.68923954236685e-07,2.640158403971,-2.22044604925031e-15,2.63974740037705,-2.19962936753859e-15,-3.36189693907036,-1.72084568816899e-15,0.00164433944741073,-4.78783679369599e-16,0,0,6,0
3.3,-90,2.63934992800764,101.033462101432,1.36806087019543,1.57984284442468e-07,2.63974740037705,-2.19962936753859e-15,2.63934992800764,-2.16493489801906e-15,-3.36229074896926,-1.69309011255336e-15,0.00164067697690045,-4.71844785465692e-16,0,0,6,0
3.31,-90,2.6389395931266,101.059855600712,1.41105829162138,1.68374714602328e-07,2.63934992800764,-2.16493489801906e-15,2.6389395931266,-2.17881268582687e-15,-3.36269743172399,-1.69309011255336e-15,0.0016370248505873,-4.85722573273506e-16,0,0,6,0
3.32,-90,2.63854280070354,101.086244996643,1.36602489695266,1.57444226992812e-07,2.6389395931266,-2.17881268582687e-15,2.63854280070354,-2.18575157973078e-15,-3.36309057813645,-1.72084568816899e-15,0.00163337883999042,-4.64905891561784e-16,0,0,6,0
3.33,-90,2.63813313326214,101.11263042465,1.40906336087102,1.67827412545248e-07,2.63854280070354,-2.18575157973078e-15,2.63813313326214,-2.18575157973078e-15,-3.36349660980041,-1.72084568816899e-15,0.00162974306255209,-4.64905891561784e-16,0,0,6,0
3.34,-90,2.63773701952467,101.139011755983,1.36399191960262,1.5690609301769e-07,2.63813313326214,-2.18575157973078e-15,2.63773701952467,-2.17187379192296e-15,-3.36388909379067,-1.69309011255336e-15,0.00162611331533829,-4.78783679369599e-16,0,0,6,0
3.35,-90,2.63732801825316,101.165389126178,1.40707145971225,1.67282040091258e-07,2.63773701952467,-2.17187379192296e-15,2.63732801825316,-2.15799600411515e-15,-3.36429447543745,-1.69309011255336e-15,0.00162249369061053,-4.64905891561784e-16,0,0,6,0
3.36,-90,2.636932581944,101.191762406361,1.36196193386708,1.56369874602831e-07,2.63732801825316,-2.15799600411515e-15,2.636932581944,-2.18575157973078e-15,-3.36468629806693,-1.72084568816899e-15,0.00161888001093066,-4.64905891561784e-16,0,0,6,0
3.37,-90,2.63652424557615,101.21813173218,1.40508258390064,1.66738589308009e-07,2.636932581944,-2.18575157973078e-15,2.63652424557615,-2.17881268582687e-15,-3.36509103076727,-1.69309011255336e-15,0.0016152763434269,-4.85722573273506e-16,0,0,6,0
3.38,-90,2.63612948544155,101.244496974636,1.35993493547303,1.55835563874794e-07,2.63652424557615,-2.17881268582687e-15,2.63612948544155,-2.17187379192296e-15,-3.36548219309456,-1.69309011255336e-15,0.00161167853610677,-4.78783679369599e-16,0,0,6,0
3.39,-90,2.63572181271458,101.27085826949,1.40309672919703,1.66197052308058e-07,2.63612948544155,-2.17187379192296e-15,2.63572181271458,-2.17187379192296e-15,-3.36588627791643,-1.69309011255336e-15,0.00160809063101213,-4.78783679369599e-16,0,0,6,0
3.4,-90,2.63532772750425,101.297215487617,1.35791092015266,1.55303153006019e-07,2.63572181271458,-2.17187379192296e-15,2.63532772750425,-2.16493489801906e-15,-3.3662767809973,-1.69309011255336e-15,0.00160450850154658,-4.71844785465692e-16,0,0,6,0
3.41,-89.9999999999999,2.63492071715887,101.323568764892,1.40111389136748,1.65657421247557e-07,2.63532772750425,-2.16493489801906e-15,2.63492071715887,-2.35228503342455e-15,-3.36668021900585,-1.88737914186277e-15,0.00160093616471184,-4.64905891561784e-16,0,0,6,0
3.42,-89.9999999999999,2.63452730562598,101.349917972064,1.35588988364337,1.54772634210045e-07,2.63492071715887,-2.35228503342455e-15,2.63452730562598,-2.23432383705813e-15,-3.36707006389328,-1.72084568816899e-15,0.00159736951925838,-5.13478148889135e-16,0,0,6,0
3.43,-90,2.63412095640631,101.37626324512,1.39913406618327,1.6511968832279e-07,2.63452730562598,-2.23432383705813e-15,2.63412095640631,-2.2065682614425e-15,-3.36747285615088,-1.72084568816899e-15,0.00159381255719403,-4.85722573273506e-16,0,0,6,0
3.44,-90,2.63372821730749,101.402604454684,1.35387182168772,1.54243999742717e-07,2.63412095640631,-2.2065682614425e-15,2.63372821730749,-2.15799600411515e-15,-3.36786204389508,-1.69309011255336e-15,0.0015902612025676,-4.64905891561784e-16,0,0,6,0
3.45,-90,2.6333225279611,101.428941736857,1.39715724942093,1.64583845775033e-07,2.63372821730749,-2.15799600411515e-15,2.6333225279611,-2.17881268582687e-15,-3.36826419146134,-1.69309011255336e-15,0.00158671942243757,-4.85722573273506e-16,0,0,6,0
3.46,-90,2.63293046005639,101.455274962137,1.35185673003349,1.53717241903709e-07,2.6333225279611,-2.17881268582687e-15,2.63293046005639,-2.15799600411515e-15,-3.36865272310971,-1.69309011255336e-15,0.00158318316610382,-4.64905891561784e-16,0,0,6,0
3.47,-90,2.63252542933424,101.481604266738,1.39518343686215,1.64049885888526e-07,2.63293046005639,-2.15799600411515e-15,2.63252542933424,-2.19269047363468e-15,-3.36905422704148,-1.72084568816899e-15,0.00157965637572004,-4.71844785465692e-16,0,0,6,0
3.48,-90,2.63213403138709,101.507929521031,1.34984460443359,1.53192353032831e-07,2.63252542933424,-2.19269047363468e-15,2.63213403138709,-2.16493489801906e-15,-3.3694421036387,-1.69309011255336e-15,0.00157613502578971,-4.71844785465692e-16,0,0,6,0
3.49,-90,2.63172965804352,101.534250861345,1.39321262429385,1.63517800985597e-07,2.63213403138709,-2.16493489801906e-15,2.63172965804352,-2.15105711021124e-15,-3.36984296499008,-1.69309011255336e-15,0.00157262303360562,-4.57966997657877e-16,0,0,6,0
3.5,-90,2.63133892882077,101.560568157925,1.34783544064612,1.52669325511572e-07,2.63172965804352,-2.15105711021124e-15,2.63133892882077,-2.15799600411515e-15,-3.37023018757806,-1.69309011255336e-15,0.00156911639882891,-4.64905891561784e-16,0,0,6,0
3.51,-90,2.63093521161351,101.586881547214,1.39124480750815,1.62987583434731e-07,2.63133892882077,-2.15799600411515e-15,2.63093521161351,-2.19269047363468e-15,-3.37063040740042,-1.72084568816899e-15,0.00156561901393413,-4.71844785465692e-16,0,0,6,0
3.52,-90,2.63054514988537,101.61319089933,1.34582923443433,1.5214815176289e-07,2.63093521161351,-2.19269047363468e-15,2.63054514988537,-2.19269047363468e-15,-3.37101697701832,-1.72084568816899e-15,0.00156212690369442,-4.71844785465692e-16,0,0,6,0
3.53,-90,2.63014208757549,101.639496350828,1.38927998230233,1.62459225643177e-07,2.63054514988537,-2.19269047363468e-15,2.63014208757549,-2.15799600411515e-15,-3.37141655636032,-1.69309011255336e-15,0.00155864393580868,-4.64905891561784e-16,0,0,6,0
3.54,-90,2.62975269211551,101.665797771704,1.3438259815666,1.51628824253089e-07,2.63014208757549,-2.15799600411515e-15,2.62975269211551,-2.19962936753859e-15,-3.3718024740446,-1.72084568816899e-15,0.00155516616011702,-4.78783679369599e-16,0,0,6,0
3.55,-89.9999999999999,2.62935028346742,101.692095298625,1.38731814447887,1.61932720059625e-07,2.62975269211551,-2.19962936753859e-15,2.62935028346742,-2.2065682614425e-15,-3.37220141395216,-1.72084568816899e-15,0.00155169741958433,-4.85722573273506e-16,0,0,6,0
3.56,-89.9999999999999,2.6289615530525,101.71838880146,1.34182567781648,1.51111335484688e-07,2.62935028346742,-2.2065682614425e-15,2.6289615530525,-2.35228503342455e-15,-3.37258668073657,-1.85962356624714e-15,0.00154823378907343,-4.92661467177413e-16,0,0,6,0
3.57,-89.9999999999999,2.62855979683391,101.744678416991,1.38535928984539,1.61408059176146e-07,2.6289615530525,-2.35228503342455e-15,2.62855979683391,-2.21350715534641e-15,-3.37298498225295,-1.72084568816899e-15,0.00154477908685644,-4.92661467177413e-16,0,0,6,0
3.58,-90,2.62817173024426,101.770964014959,1.33982831896261,1.50595678004532e-07,2.62855979683391,-2.21350715534641e-15,2.62817173024426,-2.18575157973078e-15,-3.37336959916852,-1.72084568816899e-15,0.00154132941277519,-4.64905891561784e-16,0,0,6,0
3.59,-90,2.62777062522619,101.797245732261,1.38340341421469,1.60885235520136e-07,2.62817173024426,-2.18575157973078e-15,2.62777062522619,-2.17187379192296e-15,-3.37376726333426,-1.69309011255336e-15,0.00153788856044918,-4.78783679369599e-16,0,0,6,0
3.6,-90,2.62738322124531,101.823523438514,1.33783390078878,1.50081844398744e-07,2.62777062522619,-2.17187379192296e-15,2.62738322124531,-2.16493489801906e-15,-3.37415123140934,-1.69309011255336e-15,0.00153445265465678,-4.71844785465692e-16,0,0,6,0
3.61,-90,2.62698276620206,101.849797270726,1.3814505134047,1.6036424166341e-07,2.62738322124531,-2.16493489801906e-15,2.62698276620206,-2.15799600411515e-15,-3.37454825926234,-1.69309011255336e-15,0.00153102546440449,-4.64905891561784e-16,0,0,6,0
3.62,-90,2.62659602361675,101.876067098388,1.33584241908389,1.49569827291504e-07,2.62698276620206,-2.15799600411515e-15,2.62659602361675,-2.19962936753859e-15,-3.37493157952261,-1.72084568816899e-15,0.00152760313936471,-4.78783679369599e-16,0,0,6,0
3.63,-90,2.62619621732588,101.902333058624,1.37950058323853,1.59845070219136e-07,2.62659602361675,-2.19962936753859e-15,2.62619621732588,-2.15799600411515e-15,-3.37532797209809,-1.69309011255336e-15,0.00152418942397012,-4.64905891561784e-16,0,0,6,0
3.64,-90,2.6258101349262,101.928595020798,1.33385386964195,1.49059619348985e-07,2.62619621732588,-2.15799600411515e-15,2.6258101349262,-2.16493489801906e-15,-3.37571064556655,-1.69309011255336e-15,0.0015207804927457,-4.71844785465692e-16,0,0,6,0
3.65,-90,2.62541097616851,101.954853122147,1.37755361954438,1.59327713835243e-07,2.6258101349262,-2.16493489801906e-15,2.62541097616851,-2.19962936753859e-15,-3.37610640389708,-1.72084568816899e-15,0.0015173800655888,-4.78783679369599e-16,0,0,6,0
3.66,-90,2.62502555274775,101.981107231908,1.33186824826203,1.48551213274688e-07,2.62541097616851,-2.19962936753859e-15,2.62502555274775,-2.14411821630733e-15,-3.37648843159409,-1.69309011255336e-15,0.00151398434183603,-4.5102810375397e-16,0,0,6,0
3.67,-90,2.62462704030728,102.007357487436,1.37560961815561,1.5881216520348e-07,2.62502555274775,-2.14411821630733e-15,2.62462704030728,-2.18575157973078e-15,-3.3768835567096,-1.72084568816899e-15,0.00151059701688696,-4.64905891561784e-16,0,0,6,0
3.68,-90,2.62424227466197,102.033603757839,1.32988555074833,1.48044601814053e-07,2.62462704030728,-2.18575157973078e-15,2.62424227466197,-2.15105711021124e-15,-3.37726493965288,-1.69309011255336e-15,0.00150721431484983,-4.57966997657877e-16,0,0,6,0
3.69,-90,2.62384440732597,102.059846180586,1.37366857491067,1.5829841705459e-07,2.62424227466197,-2.15105711021124e-15,2.62384440732597,-2.16493489801906e-15,-3.37765943258069,-1.69309011255336e-15,0.00150383990666349,-4.71844785465692e-16,0,0,6,0
3.7,-90,2.62346029825585,102.086084624659,1.32790577291011,1.47539777747759e-07,2.62384440732597,-2.16493489801906e-15,2.62346029825585,-2.06085148946045e-15,-3.37804017178532,-1.58206781009085e-15,0.00150047004116805,-4.78783679369599e-16,0,0,6,0
3.71,-89.9999999999999,2.62306307481476,102.112319227641,1.37173048565314,1.577864621546e-07,2.62346029825585,-2.06085148946045e-15,2.62306307481476,-2.29677388219329e-15,-3.37843403355012,-1.85962356624714e-15,0.00149710836487858,-4.37150315946155e-16,0,0,6,0
3.72,-90,2.62267962112277,102.13854985839,1.32592891056171,1.47036733898718e-07,2.62306307481476,-2.29677388219329e-15,2.62267962112277,-2.16493489801906e-15,-3.37881413002856,-1.69309011255336e-15,0.00149375115132796,-4.71844785465692e-16,0,0,6,0
3.73,-90,2.6222830403702,102.164776654601,1.36979534623167,1.57276293312059e-07,2.62267962112277,-2.16493489801906e-15,2.6222830403702,-2.15799600411515e-15,-3.37920736165245,-1.69309011255336e-15,0.00149040202264287,-4.64905891561784e-16,0,0,6,0
3.74,-90,2.62190024086246,102.190999485005,1.32395495952252,1.46535463125736e-07,2.6222830403702,-2.15799600411515e-15,2.62190024086246,-2.17881268582687e-15,-3.37958681641455,-1.72084568816899e-15,0.00148705727701133,-4.57966997657877e-16,0,0,6,0
3.75,-90,2.62150430159518,102.217218487413,1.36786315250005,1.5676790337184e-07,2.62190024086246,-2.17881268582687e-15,2.62150430159518,-2.17881268582687e-15,-3.37997941891703,-1.69309011255336e-15,0.00148372051220664,-4.85722573273506e-16,0,0,6,0
3.76,-90,2.62112215508097,102.243433530429,1.32198391561699,1.46035958326402e-07,2.62150430159518,-2.17881268582687e-15,2.62112215508097,-2.17187379192296e-15,-3.38035823297007,-1.69309011255336e-15,0.00148038805103424,-4.78783679369599e-16,0,0,6,0
3.77,-90,2.6207268560989,102.26964475198,1.36593390031711,1.5626128521919e-07,2.62112215508097,-2.17187379192296e-15,2.6207268560989,-2.16493489801906e-15,-3.38075020736804,-1.69309011255336e-15,0.00147706346694848,-4.71844785465692e-16,0,0,6,0
3.78,-90,2.62034536139063,102.295852020541,1.32001577467463,1.45538212437574e-07,2.6207268560989,-2.16493489801906e-15,2.62034536139063,-2.15799600411515e-15,-3.3811283817167,-1.69309011255336e-15,0.00147374310733564,-4.64905891561784e-16,0,0,6,0
3.79,-89.9999999999999,2.61995070149683,102.322055474155,1.36400758554677,1.5575643177462e-07,2.62034536139063,-2.15799600411515e-15,2.61995070149683,-2.32452945780892e-15,-3.38151972902453,-1.85962356624714e-15,0.00147043052136493,-4.64905891561784e-16,0,0,6,0
3.8,-90,2.61956985741006,102.34825498117,1.31805053252996,1.45042218430444e-07,2.61995070149683,-2.32452945780892e-15,2.61956985741006,-2.17187379192296e-15,-3.38189726467091,-1.69309011255336e-15,0.00146712208096718,-4.78783679369599e-16,0,0,6,0
3.81,-90,2.61917583541068,102.374450679744,1.36208420405803,1.55253335998642e-07,2.61956985741006,-2.17187379192296e-15,2.61917583541068,-2.15105711021124e-15,-3.38228798590038,-1.69309011255336e-15,0.00146382131105938,-4.57966997657877e-16,0,0,6,0
3.82,-90,2.61879564076406,102.400642438098,1.31608818502255,1.44547969315452e-07,2.61917583541068,-2.15105711021124e-15,2.61879564076406,-2.15799600411515e-15,-3.38266488384402,-1.69309011255336e-15,0.00146052460808179,-4.64905891561784e-16,0,0,6,0
3.83,-90,2.61840225546834,102.426830394506,1.36016375172493,1.54751990889826e-07,2.61879564076406,-2.15799600411515e-15,2.61840225546834,-2.17187379192296e-15,-3.38305498000439,-1.69309011255336e-15,0.00145723547273161,-4.78783679369599e-16,0,0,6,0
3.84,-90,2.61802270908364,102.45301441706,1.31412872799699,1.44055458140738e-07,2.61840225546834,-2.17187379192296e-15,2.61802270908364,-2.03309591384482e-15,-3.38343124124229,-1.55431223447522e-15,0.00145395032592344,-4.78783679369599e-16,0,0,6,0
3.85,-90,2.6176299593039,102.479194644151,1.35824622442656,1.54252389481474e-07,2.61802270908364,-2.03309591384482e-15,2.6176299593039,-2.15105711021124e-15,-3.38382071334026,-1.69309011255336e-15,0.00145067264416695,-4.57966997657877e-16,0,0,6,0
