0,0.079111886620955,0.158780041830984,-0.715203155063414,0.873983196894398,0,1.69429492875483,5.9924704890857,0.300495320158191
0.01,0.122020986757766,-0.151445967714816,-1.02540012149721,0.873954153782399,0,1.63790023577639,5.99247170595061,0.300471052484835
0.02,0.165150268076108,-0.151485061002843,-1.02540016441288,0.873915103410038,0,1.60387660031263,5.99247362503841,0.3004327765392
0.03,0.208523637401579,-0.151531363109323,-1.02539735019798,0.873865987088653,0,1.56982775404722,5.99247624922186,0.300380429642042
0.04,0.252184457928184,-0.151584999541283,-1.02539173974405,0.873806740202771,0.00396277777164311,1.53574682314395,5.99247958159907,0.300313942597219
0.05,0.29615796711963,-0.151646122178111,-1.02538340448874,0.873737282310628,0.00868642759043634,1.50161552642783,5.9924836257721,0.300233234091922
0.06,0.340472544028361,-0.151714894693506,-1.02537242177538,0.873657527081878,0.0132393255694029,1.46742768695752,5.99248838558236,0.30013821592813
0.07,0.385164018977008,-0.151791493750267,-1.02535887567268,0.873567381922409,0.017701466480796,1.43317589767039,5.99249386515293,0.300028792125781
0.08,0.430275795395533,-0.151876113468892,-1.02534285890687,0.873466745437982,0.0221141791252641,1.3988489938581,5.99250006899254,0.299904856787028
0.09,0.475859986726873,-0.151968969762493,-1.02532447483305,0.873355505070553,0.0265015948948642,1.36443216984372,5.99250700210046,0.299766291929099
0.1,0.521979381637557,-0.152070305208663,-1.02530383970891,0.873233534500247,0.0308794083599244,1.32990650087386,5.99251467008694,0.299612964994589
0.11,0.568710384141638,-0.152180394961171,-1.02528108548869,0.873100690527519,0.0352589568975869,1.29524801359731,5.99252307932051,0.299444725802634
0.12,0.616147329567577,-0.152299554263528,-1.02525636339503,0.872956809131505,0.039649357151549,1.2604262477871,5.99253223711612,0.299261402663417
0.13,0.66440892790836,-0.152428148342069,-1.0252298486349,0.872801700292832,0.0440587788554282,1.2254021110997,5.99254215198291,0.299062797265079
0.14,0.713648214153594,-0.152566605875535,-1.02520174682748,0.872635140951948,0.0484953476576373,1.19012464388377,5.99255283396145,0.298848677729445
0.15,0.764068654280622,-0.152715438016816,-1.02517230308385,0.872456865067037,0.0529679516939639,1.15452598473486,5.99256429509895,0.298618768842878
0.16,0.815951880300746,-0.152875266448234,-1.02514181539462,0.872266548946384,0.0574871734265584,1.11851317002988,5.99257655014811,0.298372737720756
0.17,0.869709555913563,-0.153046867083575,-1.02511065546918,0.872063788385609,0.0620666373941953,1.08195393821676,5.99258961765077,0.298110171621525
0.18,0.925992118101457,-0.153231243238615,-1.02507930358821,0.871848060349597,0.0667253357291223,1.04465007430618,5.99260352174089,0.297830541111293
0.19,0.985958991113167,-0.1534297611609,-1.02504841305434,0.871618651893443,0.0714923289088096,1.0062813834862,5.9926182954535,0.29753313260204
0.2,1.0521704050161,-0.153644442583824,-1.02501894897704,0.871374506393217,0.0764181997656816,0.966266497438506,5.99263398776536,0.297216905103827
0.21,1.13390487639043,-0.153878787280941,-1.02499257685333,0.871113789572386,0.081612222356204,0.923306399329443,5.99265068287923,0.29688009867138
0.22,1.1025937466033,-0.154141968768367,-1.0249736213505,0.870831652582133,0.0874562245663906,0.872761095403297,5.99266859096916,0.296518395401976
0.23,1.12497276181421,-0.154389827382155,-1.02493913903867,0.870549311656512,0.0879492592218369,0.895246473142181,5.99268597482915,0.296166856832348
0.24,1.11262451108064,-0.154638498658048,-1.02489818993652,0.870259691278477,0.0911393409087121,0.880315583677977,5.99270369505774,0.295808085151997
0.25,1.12457931437388,-0.154880802964061,-1.02484614705448,0.869965344090417,0.0924836844695114,0.891522593259502,5.99272117060859,0.295453839608929
0.26,1.11810032788443,-0.15511914685755,-1.0247852512912,0.869666104433651,0.095194869835775,0.882929113957478,5.99273882721596,0.295095490948722
0.27,1.12669852974718,-0.155353580923477,-1.02471451300163,0.869360932078152,0.0968148950778676,0.890497339488201,5.99275632788735,0.294739876104593
0.28,1.12226723534299,-0.155582770358676,-1.02463424604668,0.869051475687999,0.099359908177737,0.884108888206357,5.99277395732567,0.294381209317571
0.29,1.12957747549889,-0.155808636771136,-1.0245444687674,0.868735831996266,0.101085229283771,0.890276272150747,5.99279146376904,0.294024610835508
0.3,1.12606686824167,-0.156028969410016,-1.02444497784447,0.868416008434454,0.103557637113775,0.884872801504115,5.99280907700306,0.293665399033797
0.31,1.13270950860266,-0.156246038091855,-1.02433604653393,0.868090008442076,0.105336531203775,0.89031108919988,5.99282658353927,0.293307926290856
0.32,1.12977113973649,-0.156457558825805,-1.02421735489461,0.867759796068802,0.107765807492572,0.885514799664574,5.99284418417016,0.292948091405149
0.33,1.13594867390024,-0.15666573267147,-1.02408921952222,0.867423486850746,0.109581196549209,0.890443436164805,5.99286168906257,0.292589773857696
0.34,1.13345880420326,-0.156868413691283,-1.02395131446769,0.867082900776405,0.111978040809078,0.886119896207234,5.9928792785603,0.292229280878229
0.35,1.13925263809666,-0.157067632270558,-1.02380394286324,0.866736310592677,0.11382303925712,0.890627106408744,5.99289678121581,0.291870124701352
0.36,1.13715328138759,-0.157261424736347,-1.02364680098733,0.866385376250982,0.116192531543213,0.886713223296657,5.99291436041942,0.291508951284069
0.37,1.14260865414345,-0.157451636826306,-1.02348016534714,0.866028528520832,0.118063368837666,0.890847966524479,5.99293186058782,0.291148955607616
0.38,1.14086220686537,-0.157636485568961,-1.02330375969847,0.865667274129505,0.120408776238805,0.88730283281259,5.99294943013352,0.290787083382937
0.39,1.14601240189727,-0.157817641423314,-1.023117832747,0.865300191323685,0.122302748224159,0.891101050162201,5.99296692767893,0.290426244934227
0.4,1.14458869710554,-0.1579934890851,-1.02292213482419,0.86492864573909,0.12462663417394,0.887891894998231,5.99298448812251,0.290063657018472
0.41,1.14946198473953,-0.15816553831268,-1.02271688872225,0.864551350409568,0.126541500030391,0.891384051559389,5.99300198295735,0.289701971462428
0.42,1.14833453630657,-0.15833232649193,-1.02250186900362,0.864169542511687,0.128846059332962,0.888482151735668,5.99301953481007,0.289338651729867
0.43,1.1529562364326,-0.158495217507453,-1.02227727502962,0.863782057522168,0.1307798522783,0.891695487587705,5.99303702687499,0.28897611407405
0.44,1.15210107338135,-0.158652887054301,-1.02204290308946,0.863390016035159,0.133067023534343,0.889074889974876,5.99305457061497,0.288612046926427
0.45,1.15649424377679,-0.158806566952517,-1.02179893153397,0.862992364581454,0.135017980038638,0.892034179028672,5.99307205987172,0.288248651662001
0.46,1.15588947417837,-0.158955058014775,-1.02154517604151,0.862590118026738,0.137289492693664,0.889671217560249,5.99308959594846,0.287883821939229
0.47,1.16007520854911,-0.159099472535775,-1.02128179615683,0.86218232362106,0.139256015693915,0.892399102284133,5.99310708237646,0.28751956310684
0.48,1.15970079252684,-0.159238724511348,-1.02100862483949,0.861769900328147,0.141513416250928,0.890272144747903,5.99312461121333,0.287153956039359
0.49,1.16369840137219,-0.159373817986389,-1.02072580479902,0.861351986812629,0.143494047102837,0.892789344982664,5.99314209480731,0.286788827273081
0.5,1.16353598896001,-0.159503769404703,-1.02043318439068,0.86092941498598,0.145738716954832,0.890878612961018,5.99315961680326,0.286422428448861
0.51,1.1673631357191,-0.159629484613313,-1.02013089124353,0.860501406630213,0.147732105736959,0.893204091581832,5.99317709757126,0.286056423013626
0.52,1.16739593091826,-0.159750072908801,-1.01981878742026,0.860068714511455,0.149965273864309,0.891491511608975,5.99319461310213,0.285689218353777
0.53,1.1708357194748,-0.15986635073098,-1.01949698703405,0.85963063630307,0.151737121479085,0.893642619544924,5.99321209106355,0.285322329181773
0.54,1.17049003512172,-0.159976940368398,-1.01916513978867,0.859188199420272,0.153577584324903,0.891935087402732,5.9932296005382,0.284954303762487
0.55,1.17377839563601,-0.160082652021592,-1.01882337440515,0.858740722383553,0.155207418399571,0.894066979820584,5.99324706974124,0.284586649437445
0.56,1.1735973503623,-0.160182842513441,-1.01847163764018,0.858288795126743,0.156955979941653,0.892606271458889,5.99326456630638,0.284217941475198
0.57,1.17657638396081,-0.160277983929429,-1.01810994948004,0.857831965550609,0.158505789425627,0.89449905720605,5.99328202650946,0.283849521258564
0.58,1.17562849238666,-0.160362014327211,-1.01773831211982,0.857376297792607,0.15916735306742,0.893342984621291,5.99329950809815,0.283480169025158
0.59,1.17658981437762,-0.160431832791539,-1.01735647661021,0.856924643818674,0.158387283065752,0.895523066415056,5.99331694415715,0.283111297688354
0.6,1.17626110414002,-0.160493340362191,-1.01696438530605,0.85647104494386,0.158265745496509,0.895746552400569,5.99333437065988,0.282742146605129
0.61,1.17688223748236,-0.160544148448122,-1.01656230130094,0.85601815285282,0.157420996701056,0.897632083916101,5.99335175977903,0.282373305313328
0.62,1.17672980337764,-0.160586624552188,-1.01614996527168,0.855563340719496,0.157174680508958,0.89813744179964,5.99336913360182,0.282004305621228
0.63,1.17715226884096,-0.160618565068561,-1.01572766090391,0.855109095835346,0.15629818365447,0.89983710672596,5.99338647349068,0.281635543529095
0.64,1.17709200846805,-0.160642078739194,-1.01529513911866,0.854653060379465,0.155945688046686,0.900521701860429,5.99340379458867,0.28126669730013
0.65,1.17737287764948,-0.160655188999278,-1.01485267629363,0.854197487294352,0.155034133271984,0.902095888778272,5.99342108386694,0.280898044598499
0.66,1.17736997354274,-0.160659822147431,-1.01440005597577,0.853740233828342,0.154586465026525,0.902913968631533,5.99343835181758,0.280529362032113
0.67,1.17754070108736,-0.160654198059027,-1.01393754979646,0.853283351737431,0.153640429650849,0.904393627450219,5.99345558943957,0.280160842045315
0.68,1.17757644758643,-0.160640104518993,-1.01346499147444,0.852824886955445,0.153108247047325,0.905315970496879,5.99347280376918,0.279792334561223
0.69,1.1776620423002,-0.160615973041097,-1.01298268508766,0.852366712046567,0.152133101588451,0.906720947189628,5.99348998888878,0.279423966563213
0.7,1.17773224554522,-0.160583581740075,-1.0124906233786,0.851907041638524,0.151536376364063,0.907723807037812,5.99350714920878,0.279055643883425
0.71,1.17843064864439,-0.160550899337677,-1.01199848489293,0.851447585555258,0.151230215905148,0.909063891391111,5.99352428128926,0.278687440685807
0.72,1.17920207010813,-0.160520185350397,-1.01150645423227,0.850986268881873,0.151328984063708,0.910074097032037,5.99354139363215,0.278319174362784
0.73,1.17958876646622,-0.160489666265607,-1.01101454329245,0.850524877026841,0.151083849304527,0.911043761587542,5.99355848729606,0.277950821839758
0.74,1.18040351843623,-0.160460396335172,-1.010522662611,0.850062266275832,0.151049975904619,0.91223144264264,5.99357555702687,0.277582496224147
0.75,1.18079495576352,-0.160431483555898,-1.01003090960404,0.849599426048144,0.150831586697162,0.913180783037142,5.99359260874678,0.277214069585113
0.76,1.18139097936847,-0.160402691024942,-1.00953918869779,0.849136497672852,0.150575771234449,0.914372232094568,5.993609636657,0.276845667064393
0.77,1.18187712150161,-0.160374096728166,-1.00904754210256,0.848673445374397,0.150329235104939,0.915444757277788,5.99362664365974,0.276477225847049
0.78,1.18242556363996,-0.160345663382028,-1.00855594927602,0.848210285893992,0.150074175151719,0.916588272696789,5.99364362821676,0.276108779173479
0.79,1.18293444991486,-0.160317407615396,-1.00806441952219,0.847747011906795,0.149820457545295,0.917691093850216,5.99366059128916,0.275740306134742
0.8,1.18346997927543,-0.160289322817072,-1.00757294816764,0.84728362535057,0.149562244166946,0.918825238831304,5.99367753230425,0.275371819094257
0.81,1.1839842894066,-0.16026141110838,-1.00708153694864,0.846820125840264,0.149303158721215,0.919939233916818,5.99369445172648,0.275003307876949
0.82,1.18451471087144,-0.160233672407922,-1.00659018476277,0.846356512354848,0.149040492821851,0.921073111261191,5.99371134924395,0.274634779196317
0.83,1.18502994279481,-0.160206105725526,-1.0060988916436,0.845892785918076,0.148776208472681,0.922193613824825,5.99372822516616,0.274266226222827
0.84,1.18555684928382,-0.160178712086471,-1.00560765726122,0.845428945174753,0.148508514993261,0.923329392715558,5.99374507927379,0.273897653661472
0.85,1.18607142973076,-0.160151489919961,-1.00511648127458,0.844964991354621,0.148238795416646,0.924455068033736,5.99376191180582,0.273529056200336
0.86,1.18659493279688,-0.160124440164279,-1.00462536349455,0.844500923330268,0.147965634571017,0.9255933008883,5.99377872259093,0.273160437501841
0.87,1.1871079425826,-0.160097561185321,-1.00413430350046,0.844036742315139,0.147690112925453,0.926723597604185,5.99379551182236,0.272791793238288
0.88,1.18762774955136,-0.160070853590121,-1.00364330110311,0.843572447512991,0.147411037713634,0.927864439063226,5.99381227936125,0.272423126364621
0.89,1.18813839475191,-0.160044315748464,-1.00315235586395,0.843108040115485,0.14712927342229,0.928999003758661,5.99382902536528,0.272054433319422
0.9,1.18865404902989,-0.16001794789662,-1.00266146756267,0.842643519666053,0.146843789401217,0.930142491001248,5.99384574972003,0.271685716524043
0.91,1.18916152854434,-0.159991748377635,-1.00217063575222,0.842178887374586,0.146555273036259,0.931281030830448,5.99386245255362,0.27131697305527
0.92,1.1896724574319,-0.159965717054725,-1.00167986017407,0.841714143119344,0.146262819737927,0.932427149825404,5.99387913377045,0.270948204923295
0.93,1.19017591850836,-0.159939852193181,-1.00118914037027,0.841249288177093,0.145966963843664,0.933569397106692,5.99389579347345,0.270579409751185
0.94,1.19068143437916,-0.159914153280697,-1.0006984760415,0.840784322760801,0.145666898662895,0.934718099760265,5.99391243158126,0.270210589236697
0.95,1.19117994540629,-0.159888618448855,-1.0002078667137,0.840319248264841,0.14536302247091,0.935863799905119,5.99392904817496,0.269841741479113
0.96,1.19167923234032,-0.159863246798513,-0.999717312044293,0.83985406524578,0.145054601766964,0.937015009424187,5.99394564318363,0.269472867947684
0.97,1.19217175582026,-0.159838036268056,-0.999226811536852,0.839388775268797,0.144741910576179,0.938163914347358,5.99396221666905,0.269103967164779
0.98,1.19266384764771,-0.159812985548538,-0.998736364802186,0.838923379253647,0.144424265538973,0.939317527212581,5.99397876856744,0.268735040444693
0.99,1.19314920785607,-0.159788092320016,-0.99824597131425,0.838457878994233,0.14410182342076,0.940469390060933,5.99399529892311,0.268366086694389
1,1.19363295707266,-0.159763354826889,-0.997755630632462,0.837992275805573,0.143773928299682,0.94162527646021,5.99401180767646,0.267997107139657
1.01,1.19410979873742,-0.159738770416602,-0.997265342192742,0.83752657177614,0.143440621566592,0.942779846540425,5.99402829485564,0.267628101047007
1.02,1.19458383330851,-0.159714336833016,-0.99677510549647,0.837060768663454,0.143101250931779,0.943937849593661,5.99404476040244,0.267259069616087
1.03,1.19505056680373,-0.159690051002643,-0.996284919931359,0.836594868928716,0.142755738336437,0.945094867008918,5.99406120432955,0.266890012461017
1.04,1.19551322971214,-0.159665910093088,-0.995794784931652,0.836128874838564,0.142403408296678,0.946254800691823,5.99407762657747,0.26652093081673
1.05,1.19596795600164,-0.159641910500662,-0.995304699824147,0.835662789323485,0.142044051604543,0.947413990251027,5.99409402714349,0.266151824646734
1.06,1.1964172191803,-0.159618048711612,-0.994814663963465,0.835196615251853,0.141676936908881,0.948575635697634,5.99411040596408,0.265782695285392
1.07,1.1968576236527,-0.159594320451625,-0.994324676599039,0.834730356147414,0.141301701524533,0.94973669951687,5.99412676302051,0.265413543062923
1.08,1.19729096241273,-0.15957072137916,-0.993834736988519,0.834264015609359,0.140917515203696,0.950899799103475,5.99414309824219,0.265044369484717
1.09,1.19771415934687,-0.159547246361905,-0.993344844281871,0.833797597919966,0.140523823424006,0.952062407000499,5.99415941159294,0.264675175284269
1.1,1.19812836327558,-0.159523890023288,-0.992854997615145,0.833331107591857,0.14011963593175,0.953226655143375,5.99417570299144,0.264305962223741
1.11,1.19853065867146,-0.159500646112944,-0.992365196007878,0.832864549894934,0.13970414197895,0.954390431303017,5.99419197238158,0.26393673150244
1.12,1.1989215352693,-0.159477507918188,-0.991875438438437,0.832397930520249,0.139276097934191,0.955555460003683,5.99420821966665,0.263567485249613
1.13,1.19929804762574,-0.159454467693623,-0.991385723750469,0.831931256056845,0.138834326964733,0.956719963123614,5.99422444476641,0.263198225231016
1.14,1.19965993391508,-0.159431516936536,-0.990896050709458,0.831464533772922,0.138377178333645,0.95788531842253,5.99424064756238,0.262828954095438
1.15,1.20000395148677,-0.159408645831459,-0.990406417912544,0.830997772081086,0.137902913220867,0.959050009761036,5.9942568279435,0.262459674336321
1.16,1.20032885578649,-0.159385843366081,-0.98991682382292,0.830530980456839,0.137409198839516,0.960215110964191,5.9942729857599,0.262090389348868
1.17,1.20063066321774,-0.159363096720508,-0.989427266673461,0.830064169952953,0.136893359386886,0.961379297930941,5.99428912085855,0.261721102620418
1.18,1.2009066241144,-0.159340391152057,-0.988937744468635,0.829597353316578,0.136351836226489,0.962543360381013,5.99430523304275,0.261351818658953
1.19,1.20115113775245,-0.159317709187421,-0.988448254861522,0.829130545674101,0.135780220029043,0.96370608449824,5.99432132209776,0.260982542412582
1.2,1.20135869997519,-0.159295030077448,-0.987958795093323,0.828663765015875,0.135172496606182,0.964867953290909,5.99433738775243,0.260613280155544
1.21,1.20151998816428,-0.159272328430179,-0.987469361788095,0.828197033357916,0.134520548348773,0.966027729046814,5.9943534296921,0.260244039198868
1.22,1.2016232236186,-0.159249572615559,-0.986979950730543,0.827730378114985,0.133812520044673,0.967185447272864,5.99436944751452,0.259874828916623
1.23,1.20164874806571,-0.159226721625829,-0.986490556376621,0.827263834750792,0.13303031592759,0.968339492747752,5.99438544071872,0.259505661016197
1.24,1.20156487413321,-0.159203719893782,-0.986001171026973,0.826797451133191,0.132143243447955,0.96948879926182,5.99440140862884,0.259136551317216
1.25,1.20138273347521,-0.159180486249359,-0.98551178292485,0.826331296675491,0.131165995509523,0.970629702302538,5.99441735030213,0.258767521912509
1.26,1.20121569735262,-0.159156974822665,-0.985022392754117,0.825865417931452,0.130190876232119,0.971783199561781,5.99443326473722,0.25839859638138
1.27,1.20106451618614,-0.159133226009313,-0.984533018520068,0.825399792510754,0.129222070671643,0.972945897241294,5.99444915197249,0.258029774282517
1.28,1.20179732839622,-0.159109221379566,-0.984043650802619,0.824934429423054,0.129175325736961,0.974070176814992,5.99446501238797,0.257661047223837
1.29,1.20297888827804,-0.159086053646258,-0.983554558393163,0.824468504746904,0.129189599861172,0.975583049228115,5.99448085125373,0.257292292835016
1.3,1.20328963800407,-0.159063060040506,-0.983065431791068,0.824002371750562,0.129245228832507,0.976184200717749,5.99449667896365,0.256923268494323
1.31,1.2045886673793,-0.159040597108542,-0.9825764030761,0.823535805967558,0.129215855384594,0.977859081306584,5.99451248033473,0.256554327796662
1.32,1.20491594597615,-0.159018429725764,-0.98208739504527,0.823068965319505,0.12928008806316,0.978469196266031,5.99452827159555,0.256185091372722
1.33,1.20616609031417,-0.158996737216946,-0.981598460014767,0.822601722797821,0.129253143720751,0.980093759960847,5.99454403713118,0.255815923849523
1.34,1.20657066437385,-0.158975376235241,-0.98110955930314,0.822134183067899,0.129312536126285,0.980787023015637,5.99455979160322,0.255446481467169
1.35,1.20775528455691,-0.15895447305357,-0.980620725568787,0.821666252515217,0.129293017066004,0.982339663377824,5.99457552164489,0.25507707716665
1.36,1.20823585782502,-0.158933919624256,-0.980131931536204,0.821198011911949,0.129346309089832,0.983116046061358,5.99459123952803,0.254707422298083
1.37,1.20936295036516,-0.15891381562094,-0.979643202239856,0.820729386618916,0.129333970186103,0.984605019423059,5.99460693419574,0.254337776376938
1.38,1.20990926901712,-0.158894074743856,-0.979154516168217,0.820260441424361,0.12938195749895,0.985453485563861,5.99462261576281,0.253967900698165
1.39,1.21098929139247,-0.15887477793488,-0.978665893617445,0.819791115682564,0.129375819913021,0.986890240527732,5.99463827514962,0.253598008886598
1.4,1.21159126687327,-0.158855855382239,-0.978177317165837,0.819321461783598,0.129419484846888,0.98779973326509,5.99465392066657,0.253227904143528
1.41,1.21263351664253,-0.158837373269437,-0.977688803491424,0.818851430221987,0.129418603163687,0.989194524747042,5.99466954487032,0.252857762001243
1.42,1.21328254231622,-0.158819275011906,-0.977200338414875,0.81838106340297,0.129458812424157,0.990155584623984,5.99468515458488,0.252487420279986
1.43,1.21429479426953,-0.158801614843113,-0.976711935693524,0.817910320850411,0.129462382513927,0.991517003480199,5.99470074371139,0.252117023118521
1.44,1.21498372350288,-0.158784346927266,-0.976223583788386,0.81743923686112,0.129499859619843,0.992521773968594,5.99471631785337,0.251746436841705
1.45,1.21597239758067,-0.158767515763081,-0.975735294069152,0.816967778306071,0.129507213967359,0.993856919620741,5.99473187201498,0.251375779755646
1.46,1.2166953288944,-0.158751084273077,-0.975247057159677,0.8164959728866,0.129542555997235,0.994898915531226,5.99474741079829,0.251004941639021
1.47,1.2176657113768,-0.158735089015709,-0.974758882472514,0.816023793456805,0.129553143224428,0.996213637619663,5.994762930112,0.250634019548416
1.48,1.21841777658856,-0.158719500053114,-0.974270762405447,0.815551262352333,0.129586841613246,0.997287512470579,5.99477843373655,0.250262922557848
1.49,1.21937421695388,-0.158704347465582,-0.973782704765933,0.815078357300351,0.129600206663441,0.998586627510105,5.99479391832235,0.24989173024592
1.5,1.22015140049909,-0.158689607135022,-0.973294703407094,0.814605096272072,0.129632665572798,0.999687974500737,5.99480938697574,0.249520367560582
1.51,1.22109747616522,-0.158675303856258,-0.972806764819957,0.814131460963699,0.129648432865792,1.00097544745059,5.99482483695527,0.249148899705094
1.52,1.22189646517508,-0.158661418254272,-0.972318884051672,0.813657465797399,0.129679984534999,1.00210063420756,5.99484027081414,0.248777264686796
1.53,1.222835117654,-0.158647970811524,-0.971831066513654,0.81318309570213,0.129697843998127,1.00337972858161,5.99485568630951,0.248405515885786
1.54,1.22365317826372,-0.158634946017725,-0.971343308232714,0.81270836221499,0.129728761428315,1.00452576079959,5.99487108554073,0.24803360205354
1.55,1.22458682539297,-0.158622360836884,-0.970855613734965,0.812233252898081,0.12974845697227,1.00579916241124,5.99488646667368,0.247661566846337
1.56,1.2254217008147,-0.158610202906972,-0.970367979851018,0.811757776944046,0.129778964381751,1.00696357148466,5.99490183143525,0.247289367855261
1.57,1.22635232921606,-0.158598486321214,-0.969880410381103,0.81128192405989,0.129800284403753,1.0082334903939,5.99491717832635,0.246917040739618
1.58,1.22720215576848,-0.158587201281482,-0.969392902815372,0.81080570153389,0.129830565841746,1.00941424084478,5.99493250876823,0.246544550363431
1.59,1.22813139700732,-0.158576359538532,-0.968905460358975,0.810329100820442,0.129853335401191,1.0106824953352,5.99494782153634,0.24617192580946
1.6,1.22733124450149,-0.158563352399901,-0.968396990443067,0.809833638043165,0.128217550421089,1.01187790855438,5.99496311780105,0.245799137925921
1.61,1.22772822017545,-0.158547892657081,-0.967867331263456,0.809319438606375,0.126411163682379,1.01443818894962,5.99497837405419,0.245426760200531
1.62,1.22720117538347,-0.158530010010906,-0.967316559643524,0.808786549632618,0.124721833458093,1.01595497324969,5.99499360729322,0.245054378686595
1.63,1.22745659330438,-0.158509703880314,-0.966744666487968,0.808234962607653,0.122938031297889,1.01834594637332,5.99500880420684,0.244682319513487
1.64,1.22703609693029,-0.158486899073943,-0.96615167013355,0.807664771059607,0.121231402454515,1.01998129221937,5.99502397632102,0.244310301330344
1.65,1.2272250276783,-0.158461630157499,-0.96553758719998,0.80707595704248,0.119454714912971,1.0222933756562,5.99503911375063,0.243938567266629
1.66,1.2268741378436,-0.158433819094321,-0.964902431146744,0.806468612052423,0.117738204219047,1.02400285659562,5.99505422553565,0.243566896123253
1.67,1.22701891757399,-0.15840350248644,-0.964246229297081,0.805842726810641,0.115966162846666,1.02626077459445,5.99506930378904,0.243195482619323
1.68,1.23000772849831,-0.158386673654048,-0.963585058455521,0.805198384801473,0.117542628449111,1.02802762704341,5.99508435585346,0.242824146659837
1.69,1.2329386785719,-0.158389736930688,-0.962924622153827,0.80453488522314,0.120400187707212,1.02847615491186,5.9950994147182,0.242452072883518
1.7,1.23573331953432,-0.158412381937832,-0.962264993576638,0.803852611638806,0.123218438327096,1.02884800218075,5.99511448025899,0.242079260964298
1.71,1.23860771007335,-0.158454339757309,-0.961606200558928,0.803151860801619,0.125947545713389,1.02940873909233,5.995129550156,0.241705765024937
1.72,1.24126824677624,-0.158515180283793,-0.960948212408887,0.802433032125094,0.128603756773453,1.02984812211937,5.99514462576669,0.24133154816721
1.73,1.24400932719516,-0.158594521141587,-0.960291024319478,0.801696503177891,0.131151992470609,1.03049517157071,5.99515970398565,0.240956684295432
1.74,1.24654183777008,-0.158691897479404,-0.959634614438417,0.800942716959013,0.133614882628186,1.03103771383974,5.9951747860811,0.240581138781555
1.75,1.2491241155306,-0.158806849139531,-0.958978970950901,0.800172121811371,0.135956750160391,1.03176923273251,5.99518986911419,0.240204981777238
1.76,1.25150982014764,-0.158938843671317,-0.958324071955459,0.799385228284142,0.138195014645092,1.03242545954698,5.99520495391611,0.239828189626889
1.77,1.25391139143314,-0.159087333278514,-0.957669901617715,0.798582568339201,0.140296388853764,1.03325150866096,5.99522003777632,0.239450827196928
1.78,1.25612331048606,-0.159251694480549,-0.957016435882319,0.79776474140177,0.142271758841106,1.03403036379003,5.99523512107172,0.239072882335474
1.79,1.25831730924168,-0.159431270314795,-0.956363654840921,0.796932384526126,0.144089479483527,1.03496468364014,5.99525020124797,0.238694416432805
1.8,1.2603215544584,-0.159625318626498,-0.955711531150834,0.796086212524336,0.145753810260661,1.03587763432487,5.99526527824576,0.238315428499365
1.81,1.2622733018614,-0.159833043052737,-0.955060040073406,0.795226997020669,0.147233397927183,1.03693696823059,5.99528034957609,0.237935978756367
1.82,1.26402753489076,-0.160053546807932,-0.954409149792411,0.794355602984479,0.148525745801783,1.03799925854805,5.99529541474935,0.237556077348864
1.83,1.26569229714546,-0.160285853746018,-0.953758829609334,0.793472975863316,0.149598358407636,1.03920400672138,5.99531047124734,0.237175785762467
1.84,1.26714349485836,-0.160528865565495,-0.953109041775654,0.792580176210159,0.150441692392624,1.04043554228021,5.99532551813665,0.236795125751024
1.85,1.26846420084701,-0.16078137376605,-0.952459748139038,0.791678374372988,0.151020759377828,1.04181065260943,5.99534055277179,0.236414162625799
1.86,1.26954635676964,-0.161042018691493,-0.951810903216368,0.790768884524875,0.151318659109843,1.04323678562828,5.99535557374325,0.236032930723013
1.87,1.27045151255211,-0.161309292882947,-0.951162459528634,0.789853166645686,0.151296792642149,1.04481251092164,5.99537057817662,0.235651501871261
1.88,1.27108352453261,-0.161581499640055,-0.950514361693145,0.78893286205309,0.150930566075163,1.04646453371659,5.99538556413862,0.235269924380911
1.89,1.27148443756193,-0.161856743622139,-0.949866550610717,0.788009806988578,0.150176059092188,1.0482768426733,5.99540052842108,0.234888279418586
1.9,1.27156302036694,-0.16213286897667,-0.949218958213081,0.787086089236411,0.148996755327095,1.05019250277115,5.99541546849774,0.234506631245356
1.91,1.27132523097493,-0.162407344966996,-0.94857150990749,0.786164164940494,0.147322042729613,1.05228545867236,5.9954303806709,0.23412507453996
1.92,1.2725008347349,-0.162680779121079,-0.947924115930048,0.785243336808969,0.146916808838006,1.05452110679729,5.9954452614916,0.233743698220682
1.93,1.27309595813861,-0.162954012715758,-0.947276950717133,0.784322938001375,0.146961879410346,1.05572604414788,5.9954601287042,0.233362047296142
1.94,1.2741089834549,-0.163226747076629,-0.946630009320009,0.78340326224338,0.146890351116752,1.05746505764148,5.99547497448421,0.232980321773295
1.95,1.27479383797132,-0.163499221602803,-0.945983274193895,0.782484052591091,0.14691565012288,1.05877903838053,5.99548980465944,0.232598371070713
1.96,1.27576172813633,-0.163771232100518,-0.945336772833753,0.781565540733234,0.146855553610916,1.06046109031516,5.99550461449569,0.232216316310763
1.97,1.27648828502316,-0.164042975112802,-0.944690475596046,0.780647500483244,0.14687533040928,1.06182187863562,5.99551940808757,0.23183405109106
1.98,1.27743315355821,-0.164314268907388,-0.944044412550079,0.779730143642691,0.146821900439659,1.06347385526719,5.99553418186859,0.23145166675875
1.99,1.27818973547914,-0.164585295399581,-0.943398555053664,0.778813259654083,0.146838372234897,1.06486757878683,5.99554893903253,0.231069079856993
2,1.27911885004513,-0.164855884461371,-0.942752930898564,0.777897046437192,0.14679037863417,1.06649799330696,5.99556367676354,0.230686362565368
2.01,1.27990015265973,-0.16512620753675,-0.94210751410956,0.77698130657281,0.146804349553418,1.06791856249858,5.99557839760041,0.23030344814448
2.02,1.28081779570144,-0.165396104524895,-0.941462329773734,0.776066225248839,0.146761170523802,1.06953233578414,5.99559309930723,0.229920393918397
2.03,1.2816201225802,-0.165665737013516,-0.940817354539256,0.77515161752574,0.146773157724244,1.07097555538915,5.99560778390195,0.229537146480314
2.04,1.2825295507035,-0.165934954645825,-0.940172611001967,0.774237656356141,0.146734328000388,1.07257642618767,5.99562244961511,0.22915375116127
2.05,1.283349966655,-0.166203909345947,-0.939528078167342,0.773324168821395,0.146744747052447,1.07403896357575,5.99563709804349,0.228770165372747
2.06,1.28425381236422,-0.166472460309174,-0.938883776413825,0.772411316104651,0.146709878099364,1.07562996987394,5.99565172779513,0.228386424700084
2.07,1.28508992294783,-0.166740750017214,-0.938239686839257,0.771498936822043,0.146719080632722,1.0771090969839,5.99566634012558,0.228002495348415
2.08,1.28599033818602,-0.167008646959395,-0.937595827855203,0.770587180895808,0.146687840117667,1.07869274004061,5.9956809339483,0.227618404987138
2.09,1.28684018155183,-0.16727628446865,-0.936952182417127,0.769675897948477,0.146696127127185,1.08018621193434,5.99569551024276,0.227234126958956
2.1,1.28773892725574,-0.167543540002811,-0.936308767189024,0.768765227186214,0.146668228896686,1.08176455584526,5.99571006816892,0.22684968251661
2.11,1.28860089615508,-0.167810538098555,-0.935665566779323,0.767855028680768,0.146675859065991,1.08327052440493,5.99572460848345,0.226465050782709
2.12,1.2894994118025,-0.168077164807098,-0.935022596295506,0.766945431488408,0.146651055860134,1.08484527292711,5.99573913054467,0.226080247822349
2.13,1.2903721908807,-0.168343536262093,-0.934379841820565,0.766036305558472,0.146658252098129,1.0863622176192,5.99575363492995,0.225695257425462
2.14,1.29127165128039,-0.168609546700441,-0.933737317072227,0.765127770371786,0.146636329616698,1.08793477688797,5.9957681211567,0.225310091476169
2.15,1.29215416552657,-0.168875304271284,-0.933095009452113,0.764219705180829,0.146643284469885,1.08946144780706,5.99578258965843,0.224924737520902
2.16,1.2930555276351,-0.169140710970707,-0.932452931434179,0.763312220463471,0.146624056421649,1.09103297809775,5.99579704007968,0.224539204086406
2.17,1.29394689983531,-0.169405867394954,-0.931811071601957,0.762405204207003,0.146630936605879,1.0925683488935,5.99581147273894,0.224153481730887
2.18,1.29485094141123,-0.169670682864717,-0.931169441313831,0.761498758449114,0.146614240555229,1.09413980742408,5.99582588738185,0.223767576296638
2.19,1.29575045701598,-0.169935250858627,-0.930528030215004,0.760592779356377,0.146621190762037,1.09568303636699,5.99584028423539,0.223381480745586
2.2,1.29665780853471,-0.170199487587584,-0.929886848661217,0.759687361073633,0.146606884637113,1.09725521270063,5.9958546631251,0.22299519878455
2.21,1.2975648866545,-0.170463479844377,-0.929245887253262,0.758782407408886,0.146614030736266,1.09880561047909,5.99586902420555,0.22260872528352
2.22,1.29847605765077,-0.170727150302122,-0.928605155444024,0.757878005141902,0.146601989888574,1.1003791558034,5.99588336736502,0.222222062260916
2.23,1.29939022711939,-0.170990579490641,-0.927964644696024,0.756974065205383,0.146609441626802,1.10193615889172,5.9958976927011,0.22183520609151
2.24,1.30030562792132,-0.171253696128305,-0.927324363647709,0.756070667519404,0.146599556351286,1.10351161022965,5.99591200015091,0.221448157468688
2.25,1.30122650754994,-0.171516574892011,-0.926684304540046,0.755167729648035,0.146607409630113,1.10507475886727,5.99592628976758,0.221060913944565
2.26,1.30214646720276,-0.171779150142782,-0.926044475275615,0.754265325132833,0.146599583070115,1.10665255909327,5.99594056152586,0.220673475182154
2.27,1.30307374949872,-0.172041491099003,-0.925404868799729,0.753363377700726,0.146607921871725,1.10822147908028,5.99595481544446,0.220285839645712
2.28,1.30399853053848,-0.172303537378424,-0.924765492349105,0.752461954970681,0.14660206824594,1.10980199346478,5.99596905152675,0.219898006206184
2.29,1.30493196828808,-0.17256535311782,-0.924126339507307,0.751560986389487,0.146610966264427,1.11137638111569,5.99598326976512,0.219509974025781
2.3,1.30586177891202,-0.172826882823917,-0.923487416907707,0.750660534083789,0.146607009363558,1.11295991099685,5.9959974701843,0.219121741375527
2.31,1.30680117413,-0.173088185910092,-0.92284871871302,0.749760532802928,0.14661653138928,1.11453952070765,5.99601165275688,0.21873330794316
2.32,1.30773617821575,-0.173349211423367,-0.922210251009255,0.748861039585888,0.146614403298811,1.11612631478614,5.99602581752313,0.218344671554159
2.33,1.30868137305015,-0.173610014392633,-0.921572008485312,0.747961994092679,0.146624606395627,1.11771094876364,5.996039964441,0.217955832283518
2.34,1.30962169839812,-0.173870548075959,-0.920933996730061,0.747063448654102,0.146624246408437,1.11930121243096,5.99605409356173,0.21756678763468
2.35,1.3105725676499,-0.174130863437174,-0.920296210911015,0.746165347473841,0.146635180916948,1.12089071221061,5.99606820483272,0.217177537959514
2.36,1.31151831275845,-0.174390917635611,-0.91965865616507,0.745267738529459,0.146636534605494,1.12248461525082,5.99608229831252,0.216788080537748
2.37,1.31247475773446,-0.174650757870113,-0.919021328095545,0.744370570225432,0.146648244999923,1.12407885469417,5.99609637394125,0.216398415910481
2.38,1.31342599736395,-0.174910344910672,-0.918384231428043,0.743473886517371,0.146651263422759,1.12567653764032,5.99611043178189,0.216008541211542
2.39,1.31438794083018,-0.175169722472262,-0.917747362163097,0.742577639690835,0.146663789044538,1.12727541715579,5.99612447176982,0.215618457102114
2.4,1.31534473056771,-0.175428854663629,-0.917110724651736,0.741681869988107,0.146668428066088,1.128876996534,5.99613849397021,0.215228160631261
2.41,1.31631211261026,-0.175687781978597,-0.91647431525685,0.740786533278253,0.146681803753412,1.13048043830931,5.99615249831565,0.214837652526133
2.42,1.31727449261029,-0.175946471610828,-0.915838137988087,0.739891666377259,0.146688023459383,1.1320860109631,5.99616648487181,0.214446929798638
2.43,1.31824726724482,-0.176204961078012,-0.915202189539169,0.738997228461157,0.146702280088847,1.13369395503403,5.99618045357002,0.214055993199951
2.44,1.31921526529039,-0.176463220422215,-0.914566473608412,0.738103253186198,0.146710044282548,1.13530360168857,5.99619440447508,0.213664839741489
2.45,1.32019339768836,-0.176721284413091,-0.913930987191818,0.737209702778727,0.14672520923633,1.13691600269878,5.99620833751824,0.21327347016634
2.46,1.32116703169263,-0.176979125721102,-0.913295733703612,0.73631660798251,0.146734485003561,1.1385297908969,5.99622225276243,0.212881881513271
2.47,1.32215049591563,-0.177236776579876,-0.912660710416175,0.735423933836299,0.146750582573462,1.14014661542896,5.99623615013968,0.212490074493089
2.48,1.3231297759626,-0.177494212083925,-0.912025920484372,0.734531708400448,0.146761339905637,1.14176460194823,5.99625002971034,0.21209804619266
2.49,1.32411855311475,-0.177751462127641,-0.911391361433449,0.733639899305808,0.146778391643436,1.14338582632628,5.99626389140781,0.21170579727267
2.5,1.32510348312083,-0.178008504040033,-0.910757036181385,0.732748532141352,0.146790603110244,1.14500805916746,5.99627773528935,0.211313324883152
2.51,1.32609755984516,-0.178265365558689,-0.910122942484907,0.731857576926218,0.146808628132335,1.14663366764961,5.99629156129019,0.210920629621902
2.52,1.32708813890907,-0.178522026071481,-0.909489083045563,0.730967056974082,0.146822268596668,1.14826018767122,5.99630536946412,0.210527708712668
2.53,1.32808750616654,-0.178778511328148,-0.908855455832107,0.730076944503959,0.14684128384965,1.14989017096342,5.99631915974847,0.210134562681617
2.54,1.32908372966316,-0.17903480261284,-0.908222063348272,0.729187260735432,0.146856330218644,1.15152101322418,5.99633293219338,0.209741188833177
2.55,1.33008838174371,-0.179290923843769,-0.907588903757125,0.728297979913356,0.146876350711515,1.15315536725963,5.99634668673845,0.209347587616332
2.56,1.33109024220788,-0.179546858051009,-0.90695597938156,0.727409121330551,0.146892781718541,1.15479056212002,5.99636042343002,0.208953756420335
2.57,1.33210017593182,-0.179802627465754,-0.906323288562804,0.72652066109705,0.146913820726234,1.15642928705742,5.99637414221006,0.208559695613923
2.58,1.33310766376992,-0.180058216725048,-0.905690833458394,0.725632616733346,0.14693161673946,1.15806886108238,5.99638784312105,0.208165402673129
2.59,1.33412287784526,-0.180313646506569,-0.90505861257299,0.72474496606642,0.146953685981743,1.15971196048478,5.99640152610737,0.207770877885306
2.6,1.33513598190584,-0.180568902926014,-0.904426627912907,0.723857724986893,0.146972828835593,1.16135593718273,5.99641519120765,0.207376118813531
2.61,1.33615647641312,-0.180824005230792,-0.90379487813279,0.722970872901998,0.146995938634728,1.16300341734507,5.99642883836862,0.206981125664122
2.62,1.33717518444239,-0.181078940896817,-0.903163365100646,0.72208442420383,0.14701641148109,1.16465181777195,5.99644246762514,0.206585896086169
2.63,1.33820096042379,-0.181333727854946,-0.902532087608825,0.721198359753879,0.147040570901129,1.16630368717119,5.99645607892623,0.206190430206423
2.64,1.33922525942693,-0.18158835483207,-0.901901047398828,0.720312692566759,0.147062358077671,1.16795653042333,5.99646967230305,0.205794725757999
2.65,1.3402563185603,-0.181842838547361,-0.90127024338949,0.719427404842129,0.14708757504784,1.16961279926945,5.9964832477068,0.205398782790373
2.66,1.34128619508633,-0.182097168877962,-0.9006396772066,0.718542508328638,0.147110661961168,1.17127010288513,5.99649680516507,0.205002599117993
2.67,1.34232253942839,-0.182351361428032,-0.90000934788522,0.717657986457187,0.14713694338542,1.17293078275506,5.99651034463113,0.204606174715944
2.68,1.34335797979269,-0.18260540713214,-0.899379256945305,0.716773849813166,0.14716131640716,1.17459256304084,5.99652386612911,0.204209507476825
2.69,1.3443996115784,-0.182859320568501,-0.898749403528764,0.715890082960264,0.147188668261681,1.17625766658059,5.99653736961423,0.203812597304623
2.7,1.34544060203477,-0.183113093643589,-0.898119789058759,0.71500669541517,0.14721431463583,1.17792393887595,5.99655085510731,0.203415442166578
2.71,1.34648752352218,-0.183366739991728,-0.897490412775462,0.714123672783734,0.147242742056008,1.17959347955877,5.99656432256533,0.20301804189913
2.72,1.34753405039412,-0.183620252412536,-0.896861276013521,0.713241023600985,0.147269649816157,1.18126425845005,5.99657777200599,0.202620394540449
2.73,1.34858626374598,-0.183873643671991,-0.89623237810352,0.712358734431529,0.147299157174334,1.1829382503805,5.9965912033879,0.20222249986313
2.74,1.34963831352499,-0.18412690739035,-0.895603720299181,0.711476812908831,0.147327315069545,1.18461354987333,5.99660461672573,0.201824355972466
2.75,1.35069582071987,-0.18438005553479,-0.894975302014308,0.710595246479519,0.147357906044654,1.18629200762904,5.99661801197961,0.20142596258096
2.76,1.35175338013745,-0.184633082479463,-0.894347124428651,0.709714041949188,0.147387303472956,1.18797184128675,5.99663138916135,0.201027317857205
2.77,1.35281618290459,-0.184885999456752,-0.893719187032649,0.708833187575897,0.147418981113025,1.18965477979096,5.99664474823243,0.200628421457356
2.78,1.35387923898306,-0.185138801533287,-0.893091490938452,0.707952689405165,0.147449608061634,1.19133916084519,5.99665808920191,0.200229271609523
2.79,1.35494733875611,-0.185391499265553,-0.892464035707112,0.707072536441558,0.14748237483998,1.19302659526449,5.99667141203253,0.199829867917195
2.8,1.35601587884266,-0.185644088356154,-0.891836822389023,0.706192734032869,0.147514221831452,1.19471553670307,5.99668471673075,0.199430208664294
2.81,1.35708927672841,-0.185896578739852,-0.891209850610323,0.705313271870471,0.147548079697297,1.19640748236574,5.99669800326038,0.199030293405228
2.82,1.35816328851591,-0.18614896670325,-0.890583121365018,0.704434154661768,0.14758113774096,1.19810099700206,5.99671127162544,0.198630120476149
2.83,1.3592419852748,-0.186401261609221,-0.889956634339272,0.703555372730051,0.147616088165084,1.1997974693331,5.99672452179071,0.198229689385834
2.84,1.36032145681226,-0.186653460280567,-0.889330390475621,0.702676930195054,0.147650348713152,1.20149556986045,5.99673775375786,0.197828998519225
2.85,1.36140545284809,-0.186905571554102,-0.888704389515624,0.701798817961521,0.147686392729143,1.20319658433028,5.99675096749252,0.197428047342768
2.86,1.36249037254301,-0.187157592744866,-0.888078632354863,0.700921039609997,0.147721847637001,1.20489928336397,5.99676416299415,0.197026834286914
2.87,1.36357966789985,-0.187409532205757,-0.887453118786044,0.700043586580287,0.147758985878574,1.20660485544811,5.99677734022909,0.196625358778924
2.88,1.36467002451445,-0.187661387703639,-0.886827849661942,0.699166461958303,0.147795627368786,1.20831216555767,5.99679049919472,0.196223619291631
2.89,1.36576461887887,-0.187913167146237,-0.886202824822519,0.698289657676281,0.147833860103583,1.21002231070543,5.996803639858,0.195821615216091
2.9,1.36686040152157,-0.188164868715084,-0.885578045081551,0.697413176366467,0.147871680733242,1.21173424443884,5.99681676221431,0.195419345064573
2.91,1.36796029422902,-0.188416499908353,-0.884953510322688,0.696537010414336,0.14791100789349,1.21344897804915,5.99682986623112,0.195016808194732
2.92,1.36906149234262,-0.188668059288089,-0.884329221324209,0.69566116203612,0.147950000524551,1.21516554795067,5.99684295190193,0.194614003155492
2.93,1.37016668238671,-0.188919553975659,-0.883705178010184,0.694785624034525,0.147990421734898,1.21688488535372,5.99685601919461,0.194210929273749
2.94,1.371273285734,-0.189170982882228,-0.883081381126603,0.693910398244375,0.148030579507194,1.21860610397656,5.99686906810088,0.193807585132473
2.95,1.37238377177793,-0.189422352782448,-0.882457830634966,0.693035477852518,0.148072094110001,1.2203300604201,5.99688209858894,0.193403970030269
2.96,1.37349577042561,-0.189673662907754,-0.881834527251928,0.692160864344174,0.148113410416688,1.22205594033497,5.9968951106488,0.193000082581712
2.97,1.37461155081499,-0.189924919713746,-0.881211470973674,0.691286551259928,0.148156017495041,1.22378453097427,5.9969081042489,0.192595922059425
2.98,1.3757289351166,-0.190176122725613,-0.880588662490238,0.690412539764626,0.148198485960208,1.2255150847747,5.99692107937761,0.192191487107305
2.99,1.37685000789311,-0.190427278105323,-0.879966101829977,0.689538823724654,0.148242184358866,1.22724832466542,5.99693403600355,0.191786776974148
3,1.37797276847127,-0.190678385647454,-0.8793437896588,0.688665404011347,0.148285798817121,1.22898356497056,5.99694697411355,0.191381790331044
3.01,1.37909913138679,-0.190929451243708,-0.878721726034932,0.687792274791224,0.148330587161599,1.23072146906394,5.99695989367632,0.190976526404961
3.02,1.38022725911527,-0.19118047493566,-0.878099911602454,0.686919436666794,0.148375341639432,1.23246140851929,5.99697279467719,0.190570983892206
3.03,1.38135890964609,-0.191431462366216,-0.877478346447348,0.686046884081132,0.148421218353408,1.23420399165912,5.99698567708491,0.190165161999779
3.04,1.38249239563193,-0.191682413803376,-0.876857031193977,0.685174617390601,0.148467107052165,1.23594864293577,5.9969985408834,0.189759059447364
3.05,1.3836293309928,-0.191933334660977,-0.87623596595415,0.684302631293173,0.148514070373345,1.23769591985672,5.99701138604137,0.189352675423715
3.06,1.38476816655872,-0.192184225414548,-0.875615151334456,0.683430925919908,0.148561087653667,1.23944529564941,5.99702421254138,0.188946008670185
3.07,1.38591038371661,-0.192435091266984,-0.874994587470761,0.682559496203778,0.148609135648281,1.24119728097643,5.99703702035206,0.188539058358883
3.08,1.38705456038384,-0.192685932883976,-0.874374274953666,0.68168834206969,0.14865727601586,1.2429513940007,5.99704980945466,0.188131823251251
3.09,1.38820205607117,-0.192936755274134,-0.873754213941474,0.68081745866734,0.148706406591892,1.24470810224919,5.99706257981766,0.187724302504223
3.1,1.38935156554288,-0.193187559277362,-0.873134405010446,0.679946845733084,0.148755664684445,1.24646696523793,5.99707533142107,0.187316494897868
3.11,1.39050433627021,-0.193438349723292,-0.87251484833984,0.679076498616548,0.14880587560372,1.24822841081447,5.99708806423319,0.18690839957531
3.12,1.39165917041554,-0.193689127611382,-0.871895544493091,0.678206416881708,0.148856246179052,1.24999203651398,5.9971007782328,0.186500015333892
3.13,1.3928172124836,-0.19393989760635,-0.871276493669055,0.677336596062704,0.148907535068289,1.25175823371748,5.99711347338798,0.186091341304183
3.14,1.39397736332238,-0.19419066085375,-0.870657696419741,0.676467035565991,0.148959012993354,1.25352663488323,5.99712614967634,0.185682376299549
3.15,1.39514067283344,-0.194441421866307,-0.870039152962361,0.675597731096055,0.149011377354266,1.25529759790631,5.99713880706569,0.185273119439169
3.16,1.39630613252168,-0.194692181923302,-0.869420863838785,0.674728681915483,0.149063957595145,1.25707078729856,5.99715144553252,0.184863569551275
3.17,1.39747470539018,-0.194942945397344,-0.868802829283445,0.673859883886101,0.149117394813678,1.25884653022913,5.99716406504432,0.184453725744718
3.18,1.3986454662062,-0.195193713690082,-0.868185049829258,0.672991336139176,0.14917107242638,1.26062452060836,5.99717666557649,0.184043586861535
3.19,1.39981929816872,-0.195444491044917,-0.867567525726842,0.672123034681925,0.149225579781168,1.26240505743123,5.99718924709618,0.183633152001237
3.2,1.40099535250009,-0.195695278975431,-0.866950257501253,0.671254978525821,0.149280349903192,1.26418786155365,5.99720180957774,0.183222420018678
3.21,1.40217443912457,-0.195946081605846,-0.866333245418347,0.670387163812501,0.149335924573285,1.2659732061522,5.99721435298793,0.182811390004935
3.22,1.40335577945576,-0.196196900552096,-0.865716489996334,0.669519589444238,0.149391782415881,1.2677608367652,5.99722687730007,0.182400060826772
3.23,1.40454011615003,-0.19644773982843,-0.865099991515439,0.668652251687009,0.149448421487826,1.26955100292297,5.99723938248054,0.181988431567663
3.24,1.40572673505069,-0.196698601144332,-0.864483750487957,0.667785149343626,0.149505362328874,1.2713434727607,5.99725186850163,0.18157650110545
3.25,1.40691631707039,-0.196949488412546,-0.863867767207695,0.666918278795149,0.149563062803193,1.27313847416298,5.9972643353293,0.181164268516767
3.26,1.40810820718439,-0.197200403428025,-0.863252042181896,0.666051638753871,0.149621081980674,1.27493579594198,5.99727678293487,0.180751732689764
3.27,1.40930302964017,-0.197451350009782,-0.862636575717225,0.665185225707443,0.149679840777791,1.27673564617722,5.99728921128384,0.180338892694939
3.28,1.41050018367522,-0.197702330030812,-0.862021368316669,0.664319038285857,0.149738933683783,1.2785378325922,5.99730162034658,0.179925747430042
3.29,1.41170024153934,-0.197953347223549,-0.861406420299098,0.663453073075549,0.149798747649453,1.28034254515336,5.99731401008811,0.179512295960077
3.3,1.41290265225727,-0.198204403532213,-0.860791732163979,0.662587328631766,0.14985890972461,1.28214960887313,5.99732638047787,0.179098537191743
3.31,1.41410794036967,-0.198455502609224,-0.860177304241787,0.661721801632563,0.149919775634887,1.28395919715887,5.99733873148038,0.178684470185144
3.32,1.41531560057729,-0.198706646463769,-0.859563137029152,0.660856490565383,0.149981002363363,1.28577115082237,5.99735106306416,0.178270093855326
3.33,1.41652611365103,-0.198957838674291,-0.85894923086761,0.659991392193319,0.150042916929151,1.28758562813813,5.99736337519323,0.177855407258035
3.34,1.41773901619147,-0.199209081309191,-0.858335586251586,0.659126504942395,0.150105203833931,1.28940248435062,5.9973756678352,0.177440409316112
3.35,1.4189547488177,-0.199460377878485,-0.857722203533181,0.658261825654696,0.150168163705147,1.29122186390959,5.99738794095356,0.177025099081444
3.36,1.42017288656239,-0.199711730504512,-0.857109083205202,0.65739735270069,0.150231506343754,1.29304363523899,5.99740019451505,0.176609475484159
3.37,1.42139383321479,-0.199963142633955,-0.856496225629865,0.65653308299591,0.150295508113139,1.29486793016286,5.9974124284826,0.176193537572741
3.38,1.42261719905582,-0.200214616438244,-0.855883631298901,0.655669014860656,0.150359902073673,1.29669462913626,5.99742464282209,0.175777284284137
3.39,1.4238433540946,-0.20046615530542,-0.855271300584235,0.654805145278815,0.150424942280284,1.29852385245589,5.99743683749588,0.175360714663845
3.4,1.42507194093758,-0.20071776145155,-0.854659233977026,0.653941472525475,0.150490383177784,1.30035549155615,5.997449012469,0.174943827655204
3.41,1.42630329861307,-0.200969438210339,-0.85404743185854,0.653077993648201,0.150556458310185,1.30218965621211,5.99746116770323,0.17452662230111
3.42,1.42753709937039,-0.201221187838413,-0.853435894719832,0.652214706881418,0.150622941783277,1.30402624787464,5.99747330316276,0.174109097550894
3.43,1.4287796175399,-0.201473042020193,-0.852824651352272,0.651351609332078,0.150696040397291,1.3058653667176,5.99748541880879,0.173691252445202
3.44,1.43002218697636,-0.201725006666345,-0.852213704681408,0.650488698015064,0.150770367871056,1.30770374158941,5.99749751465542,0.173273084182239
3.45,1.43126882182769,-0.201977084634871,-0.851603055054744,0.649625970419873,0.150845171637486,1.30954614230167,5.99750959064207,0.172854592523407
3.46,1.43251710496395,-0.202229278804526,-0.850992703425764,0.648763424621238,0.150920575273932,1.31139003247501,5.99752164674281,0.172435776019529
3.47,1.43376878218999,-0.202481592651465,-0.850382650465409,0.647901057813944,0.150996586403882,1.31323715447139,5.99753368290991,0.172016633966182
3.48,1.43502241864191,-0.202734028839979,-0.849772897004565,0.647038868164586,0.151073143980176,1.31508613838819,5.99754569911101,0.171597165113522
3.49,1.43627926693521,-0.202986590892939,-0.849163443771608,0.646176852878669,0.151150327020438,1.31693816214372,5.99755769530042,0.17117736866399
3.5,1.4375381951734,-0.203239281480799,-0.848554291585524,0.645315010104725,0.151228048163671,1.31879218506569,5.99756967144342,0.170757243424836
3.51,1.43880023296485,-0.203492104095876,-0.847945441192043,0.644453337096166,0.151306395884276,1.32064915261538,5.99758162749476,0.170336788561073
3.52,1.44006443263584,-0.203745061440451,-0.847336893413205,0.643591831972754,0.151385279938886,1.32250821122416,5.99759356341808,0.169916002913245
3.53,1.4413316623849,-0.203998156969556,-0.846728649006647,0.642730492037091,0.1514647889324,1.32437014480133,5.9976054791682,0.169494885620728
3.54,1.44260111964834,-0.204251393417471,-0.846120708799735,0.641869315382264,0.151544833801108,1.3262342437145,5.99761737470733,0.169073435550202
3.55,1.44387354065998,-0.20450477420423,-0.845513073561206,0.641008299356977,0.15162550123456,1.32810116180906,5.99762924999022,0.168651651820591
3.56,1.44514824337164,-0.204758302093272,-0.844905744124324,0.640147442031052,0.151706704575892,1.32997030756858,5.99764110497775,0.168229533320444
3.57,1.44642585367161,-0.205011980472768,-0.844298721268753,0.639286740795985,0.151788527744411,1.33184222724804,5.99765293962451,0.167807079151923
3.58,1.44770579058943,-0.205265812132409,-0.843692005833987,0.638426193701578,0.151870887143793,1.33371642735592,5.99766475389016,0.167384288222127
3.59,1.44898858730884,-0.205519800431443,-0.843085598610543,0.6375657981791,0.151953863401158,1.33559336471968,5.99767654772901,0.166961159619441
3.6,1.45027374786197,-0.205773948183176,-0.842479500444436,0.63670555226126,0.152037376402807,1.33747262737557,5.99768832109959,0.166537692266774
3.61,1.45156172739971,-0.206028258720584,-0.841873712136981,0.635845453416398,0.152121503144179,1.3393545977349,5.99770007395585,0.166113885241217
3.62,1.45285210155371,-0.206282734878251,-0.841268234540996,0.634985499662746,0.15220616726274,1.34123893169002,5.99771180625529,0.165689737479204
3.63,1.45414525969008,-0.206537379965256,-0.840663068468558,0.634125688503301,0.15229144191588,1.34312594969086,5.99772351795141,0.165265248048594
3.64,1.45544083784236,-0.20679219683538,-0.840058214779553,0.633266017944173,0.152377254644007,1.34501536413628,5.99773520900071,0.164840415897449
3.65,1.45673916983021,-0.207047188775937,-0.839453674296792,0.632406485520855,0.152463674662853,1.34690744385719,5.99774687935623,0.16441524008611
3.66,1.45803994272404,-0.207302358658054,-0.838849447887496,0.631547089229442,0.152550633477126,1.34880194833228,5.99775852897351,0.163989719572682
3.67,1.45934344336389,-0.207557709749206,-0.83824553638519,0.630687826635984,0.152638196336727,1.35069910336495,5.99777015780508,0.163563853411422
3.68,1.4606494020168,-0.207813244936215,-0.837641940664684,0.629828695728469,0.152726298702427,1.35259870768143,5.99778176580555,0.16313764056915
3.69,1.46195806571873,-0.208068967468452,-0.837038661570213,0.628969694101761,0.15281500189488,1.35450095119707,5.99779335292691,0.162711080095234
3.7,1.46326920136287,-0.208324880246966,-0.836435699984421,0.628110819737454,0.152904245269866,1.35640566537587,5.99780491912287,0.1622841709641
3.71,1.46458302219768,-0.2085809865046,-0.835833056762261,0.627252070257661,0.152994086301085,1.35831301017997,5.99781646434485,0.161856912221227
3.72,1.46589932622994,-0.20883728915531,-0.835230732794446,0.626393443639136,0.15308446813893,1.3602228443986,5.9978279885457,0.161429302847718
3.73,1.46721829797134,-0.209093791416841,-0.834628728946666,0.625534937529825,0.153175444526086,1.3621353029761,5.99783949167622,0.161001341885998
3.74,1.46853976191165,-0.209350496214884,-0.834027046117936,0.624676549903051,0.153266962278619,1.36405026752485,5.99785097368842,0.160573028323066
3.75,1.46986387807101,-0.209607406753387,-0.833425685184704,0.623818278431317,0.153359071548129,1.36596785207728,5.9978624345325,0.160144361198995
3.76,1.47119049352739,-0.209864525968723,-0.832824647054515,0.622960121085792,0.153451722667491,1.3678879573226,5.99787387415962,0.159715339506026
3.77,1.47251974738235,-0.210121857052232,-0.832223932614613,0.622102075562381,0.153544962353456,1.36981067979867,5.99788529251934,0.159285962282461
3.78,1.47385150602156,-0.210379402950029,-0.831623542781289,0.62124413983126,0.153638744293755,1.3717359361526,5.99789668956199,0.158856228525237
3.79,1.47518589063951,-0.210637166841933,-0.831023478452627,0.620386311610694,0.153733111936771,1.3736638082733,5.99790806523652,0.158426137271378
3.8,1.47652278416235,-0.210895151682959,-0.830423740553881,0.619528588870922,0.153828022155414,1.37559422616784,5.99791941949243,0.157995687522051
3.81,1.47786229241967,-0.211153360642405,-0.829824329994027,0.618670969351622,0.153923515301675,1.37752725944698,5.997930752278,0.157564878313416
3.82,1.47920431254011,-0.211411796683427,-0.829225247707487,0.617813451024059,0.15401955126045,1.37946284931261,5.99794206354194,0.157133708650479
3.83,1.4805489371379,-0.211670462965724,-0.828626494614195,0.61695603164847,0.154116167461099,1.38140105507364,5.99795335323185,0.156702177568883
3.84,1.48189607556549,-0.211929362459923,-0.828028071657946,0.616098709198023,0.154213326627036,1.38334182732123,5.99796462129567,0.156270284077145
3.85,1.48324580904235,-0.212188498316962,-0.827429979769696,0.615241481452734,0.154311063437712,1.38528521671092,5.99797586768029,0.155838027210682
3.86,1.48459805746717,-0.212447873514338,-0.826832219902817,0.614384346388479,0.154409343283788,1.38723118171647,5.99798709233288,0.155405405981244
3.87,1.48595289220959,-0.212707491195012,-0.826234792999362,0.61352730180435,0.154508198264331,1.389179765716,5.99799829519964,0.154972419424268
3.88,1.48731024228947,-0.212967354342816,-0.825637700022478,0.612670345679662,0.154607596270029,1.39113093380775,5.99800947622697,0.154539066554499
3.89,1.48867017054015,-0.213227466093452,-0.825040941925394,0.611813475831942,0.154707566984322,1.39308472324167,5.99802063536035,0.154105346407606
3.9,1.49003261388973,-0.21348782943661,-0.824444519681229,0.610956690244618,0.154808080636094,1.39504110468912,5.99803177254542,0.153671258001128
3.91,1.49139762775427,-0.213748447501409,-0.823848434254478,0.610099986753069,0.154909164651999,1.39700011023254,5.99804288772696,0.153236800371139
3.92,1.49276515593555,-0.214009323282967,-0.823252686628421,0.609243363345453,0.155010791443645,1.39896171523707,5.99805398084984,0.152801972537804
3.93,1.49413524738769,-0.214270459904443,-0.822657277778915,0.608386817874472,0.15511298633303,1.40092594742135,5.99806505185812,0.152366773537753
3.94,1.49550785190185,-0.21453186036601,-0.822062208699588,0.607530348333578,0.155215723766003,1.40289278610822,5.99807610069589,0.15193120239363
3.95,1.49688301278759,-0.214793527785446,-0.82146748037776,0.606673952592314,0.155319027104839,1.40486225532545,5.99808712730653,0.151495258142748
3.96,1.49826068506785,-0.215055465167651,-0.820873093817599,0.605817628649948,0.155422872688514,1.40683433773688,5.99809813163335,0.151058939810105
3.97,1.49964090710861,-0.215317675625561,-0.820279050017989,0.604961374392429,0.155527282057016,1.40880905424334,5.99810911361899,0.150622246433809
3.98,1.50102363851394,-0.215580162168509,-0.819685349993823,0.604105187825314,0.155632233308911,1.41078639033243,5.99812007320603,0.150185177041105
3.99,1.50240891330886,-0.215842927905104,-0.819091994755663,0.603249066850558,0.155737746291733,1.41276636425125,5.99813101033638,0.149747730670984
4,1.50379669511849,-0.216105975848858,-0.81849898532931,0.602393009480451,0.155843800737706,1.4147489638768,5.99814192495183,0.149309906352851
4.01,1.5051870141461,-0.216369309104523,-0.817906322737116,0.601537013632593,0.155950414924163,1.4167342051998,5.99815281699359,0.148871703126663
4.02,1.50657983755456,-0.216632930689571,-0.81731400801598,0.600681077326409,0.156057570098592,1.41872207812163,5.99816368640269,0.148433120023902
4.03,1.50797519217385,-0.216896843705347,-0.816722042200162,0.599825198494815,0.156165283082914,1.42071259671073,5.9981745331196,0.147994156085557
4.04,1.50937304828649,-0.217161051173094,-0.816130426337838,0.598969375164744,0.156273536528863,1.4227057525856,5.99818535708459,0.147554810345126
4.05,1.51077342973759,-0.217425556191171,-0.815539161475302,0.598113605284131,0.156382345910465,1.42470155817361,5.99819615823739,0.147115081844689
4.06,1.51217630956661,-0.217690361784429,-0.814948248672191,0.597257886887761,0.156491695179837,1.4267000065515,5.99820693651753,0.146674969619698
4.07,1.51358170897094,-0.217955471048645,-0.814357688986961,0.596402217938316,0.156601598563614,1.42870110874259,5.998217691864,0.146234472713377
4.08,1.51498960343166,-0.218220887012143,-0.813767483490891,0.595546596478748,0.156712041217308,1.43070485906341,5.99822842421555,0.145793590163082
4.09,1.51640001179191,-0.218486612768493,-0.813177633254734,0.59469102048624,0.156823036213936,1.43271126733324,5.99823913351044,0.145352321013225
4.1,1.51781291169939,-0.218752651349379,-0.812588139361588,0.593835488012209,0.156934569822,1.43472032892375,5.99824981968668,0.144910664303024
4.11,1.51922831989908,-0.219019005846528,-0.811999002894641,0.592979997048112,0.157046654048251,1.43673205261923,5.99826048268176,0.144468619078119
4.12,1.52064621596497,-0.219285679294894,-0.811410224948995,0.592124545654101,0.157159276190038,1.43874643469027,5.99827112243295,0.144026184379552
4.13,1.52206661476785,-0.219552674784702,-0.81082180662041,0.591269131835707,0.157272447269105,1.44076348302923,5.998281738877,0.143583359254224
4.14,1.52348949759741,-0.21981999535411,-0.810233749016176,0.590413753662066,0.157386155533432,1.44278319467312,5.9982923319504,0.143140142744968
4.15,1.52491487764669,-0.220087644092165,-0.809646053244765,0.5895584091526,0.157500411095257,1.44480557674362,5.99830290158916,0.142696533899979
4.16,1.52634273773599,-0.220355624040178,-0.80905872042584,0.588703096385661,0.157615203080573,1.44683062693174,5.99831344772902,0.142252531763854
4.17,1.52777308955331,-0.220623938286337,-0.808471751680735,0.587847813394398,0.157730540762183,1.44885835169136,5.99832397030523,0.141808135386107
4.18,1.52920591728657,-0.22089258987507,-0.807885148141664,0.586992558266593,0.157846414076742,1.45088874927182,5.99833446925278,0.141363343813074
4.19,1.53064123127092,-0.221161581894006,-0.807298910942974,0.586137329048968,0.15796283152259,1.45292182554673,5.99834494450616,0.140918156095612
4.2,1.53207901691796,-0.221430917390674,-0.806713041229616,0.585282123838941,0.158079783784631,1.45495757924222,5.9983553959996,0.140472571281778
4.21,1.53351928334442,-0.221700599452432,-0.806127540149103,0.584426940696671,0.158197278646942,1.45699601572612,5.99836582366684,0.140026588423795
4.22,1.53496201705819,-0.221970631129912,-0.805542408859306,0.583571777729393,0.158315307484883,1.4590371341318,5.99837622744135,0.13958020657142
4.23,1.53640722607661,-0.222241015510479,-0.804957648521062,0.582716633010583,0.158433877423999,1.46108093938483,5.99838660725611,0.139133424778259
4.24,1.53785489789082,-0.222511755647879,-0.804373260305347,0.581861504657468,0.158552980476635,1.46312743096631,5.99839696304382,0.138686242095759
4.25,1.53930503952437,-0.222782854629755,-0.803789245386482,0.581006390756727,0.158672623161366,1.46517661341383,5.99840729473673,0.138238657578928
4.26,1.54075763935117,-0.223054315512992,-0.803205604948733,0.580151289435741,0.158792798078082,1.46722848650519,5.99841760226675,0.137790670280886
4.27,1.54221270349484,-0.223326141385775,-0.802622340180071,0.579296198794296,0.158913511186061,1.4692830544365,5.99842788556537,0.137342279258059
4.28,1.54367022112253,-0.223598335308165,-0.802039452278238,0.578441116970073,0.159034755627051,1.47134031723841,5.99843814456375,0.136893483565233
4.29,1.54513019754158,-0.223870900369141,-0.801456942445019,0.577586042075878,0.159156536845094,1.47340027880536,5.99844837919261,0.136444282260267
4.3,1.54659262263238,-0.22414383963199,-0.800874811891823,0.576730972259833,0.15927884848159,1.47546293938318,5.99845858938235,0.135994674399601
4.31,1.5480575009607,-0.224417156186735,-0.800293061834416,0.575875905647682,0.159401695506051,1.47752830259884,5.99846877506294,0.135544659042543
4.32,1.5495248230486,-0.224690853099945,-0.799711693498064,0.575020840398119,0.159525072020569,1.4795963688808,5.99847893616398,0.13509423524718
4.33,1.55099459278701,-0.224964933462934,-0.799130708112689,0.574165774649755,0.15964898255771,1.48166714161795,5.99848907261469,0.134643402074282
4.34,1.55246680127555,-0.225239400345621,-0.798550106917603,0.573310706571981,0.159773421644298,1.4837406213933,5.99849918434392,0.134192158583578
4.35,1.55394145179011,-0.225514256840846,-0.797969891157057,0.572455634316212,0.15989839341065,1.485816811383,5.9985092712801,0.13374050383731
4.36,1.55541853595027,-0.225789506021956,-0.797390062084602,0.571600556062646,0.160023892775153,1.48789571230023,5.99851933335132,0.133288436896847
4.37,1.55689805647052,-0.226065150983552,-0.796810620958999,0.570745469975447,0.160149923497892,1.48997732713026,5.99852937048525,0.132835956825917
4.38,1.55838000543856,-0.226341194802499,-0.796231569048229,0.569890374245731,0.160276480858224,1.49206165669532,5.99853938260919,0.132383062687523
4.39,1.55986438505569,-0.226617640575384,-0.795652907625743,0.569035267050359,0.160403568275543,1.49414870380865,5.99854936965005,0.131929753546888
4.4,1.56135118783108,-0.226894491382684,-0.79507463797415,0.568180146591466,0.160531181361972,1.49623846938314,5.99855933153437,0.131476028468651
4.41,1.56284041549614,-0.227171750323203,-0.794496761381772,0.567325011058569,0.160659323223462,1.49833095607634,5.99856926818828,0.131021886519542
4.42,1.56433206093938,-0.227449420481131,-0.793919279146042,0.566469858664911,0.160787989778904,1.50042616487578,5.99857917953754,0.130567326765832
4.43,1.56582612546143,-0.22772750495771,-0.793342192570343,0.565614687612632,0.160917183845933,1.50252409829744,5.9985890655075,0.130112348275772
4.44,1.56732260229202,-0.228006006840953,-0.792765502967128,0.564759496126176,0.161046901626258,1.50462475738945,5.99859892602317,0.129656950117263
4.45,1.56882149233621,-0.228284929234762,-0.792189211655028,0.563904282420266,0.161177145672363,1.50672814453852,5.99860876100911,0.129201131360085
4.46,1.5703227891305,-0.228564275231093,-0.791613319961722,0.563049044730629,0.161307912446709,1.50883426084111,5.99861857038955,0.128744891073774
4.47,1.57182649321619,-0.228844047936724,-0.791037829221276,0.562193781284552,0.161439204257989,1.51094310856527,5.99862835408829,0.128288228329651
4.48,1.57333259840533,-0.229124250447676,-0.790462740776796,0.56133849032912,0.161571017809091,1.51305468884503,5.99863811202877,0.127831142198884
4.49,1.57484110490418,-0.229404885873824,-0.789888055977982,0.560483170104158,0.161703355184602,1.51516900383906,5.99864784413402,0.127373631754345
4.5,1.57635200677199,-0.22968595731538,-0.789313776183569,0.559627818868189,0.161836213309125,1.5172860547094,5.99865755032669,0.126915696068841
4.51,1.57786530390597,-0.229967467885533,-0.788739902759085,0.558772434873553,0.161969594061288,1.51940584351341,5.99866723052903,0.126457334216805
4.52,1.57938099058686,-0.230249420688826,-0.788166437079104,0.557917016390278,0.162103494570175,1.52152837143283,5.99867688466292,0.125998545272684
4.53,1.58089906642633,-0.230531818841971,-0.78759338052518,0.55706156168321,0.162237916525183,1.52365364043063,5.99868651264982,0.125539328312482
4.54,1.5824195259032,-0.230814665453984,-0.787020734487933,0.556206069033949,0.162372857244017,1.52578165170087,5.99869611441083,0.12507968241229
4.55,1.58394236836489,-0.231097963645318,-0.786448500365146,0.555350536719829,0.162508318242251,1.52791240711826,5.99870568986665,0.124619606649695
4.56,1.58546758846702,-0.231381716529606,-0.785876679563694,0.554494963034088,0.162644297011617,1.53004590788257,5.99871523893756,0.124159100102437
4.57,1.58699518531205,-0.231665927231258,-0.785305273497798,0.553639346266539,0.16278079490807,1.53218215578554,5.99872476154349,0.123698161849695
4.58,1.588525153713,-0.231950598868675,-0.784734283590794,0.552783684722119,0.162917809583936,1.53432115202688,5.99873425760395,0.123236790970862
4.59,1.59005749254487,-0.232235734570437,-0.784163711273549,0.551927976703112,0.163055342248642,1.53646289831994,5.99874372703806,0.122774986546723
4.6,1.59159219676036,-0.232521337459869,-0.783593557986081,0.551072220526212,0.163193390702747,1.53860739585915,5.99875316976455,0.122312747658328
4.61,1.59312926502288,-0.232807410669937,-0.783023825176107,0.55021641450617,0.163331956021216,1.54075464628353,5.99876258570176,0.121850073388076
4.62,1.59466869240869,-0.233093957329054,-0.782454514300543,0.549360556971489,0.163471036141472,1.54290465077759,5.99877197476764,0.121386962818684
4.63,1.59621047738398,-0.23338098057478,-0.78188562682417,0.54850464624939,0.163610632015135,1.54505741090945,5.99878133687972,0.120923415034177
4.64,1.5977546151338,-0.233668483540787,-0.781317164221022,0.547648680680235,0.163750741706034,1.54721292784961,5.99879067195517,0.120459429118943
4.65,1.59930110394019,-0.233956469369446,-0.78074912797316,0.546792658603714,0.163891366052692,1.5493712030983,5.99879997991073,0.119995004158642
4.66,1.6008499390835,-0.234244941199851,-0.780181519571952,0.545936578372101,0.16403250323573,1.55153223780827,5.99880926066277,0.119530139239346
4.67,1.60240111867348,-0.234533902179406,-0.779614340516959,0.545080438337553,0.164174153990015,1.55369603341451,5.99881851412725,0.11906483344836
4.68,1.60395463807341,-0.234823355452805,-0.77904759231711,0.544224236864305,0.164316316604119,1.55586259104866,5.99882774021975,0.118599085873442
4.69,1.60551049523152,-0.235113304172692,-0.778481276489682,0.54336797231699,0.164458991717962,1.55803191208269,5.99883693885542,0.118132895603558
4.7,1.60706868558272,-0.235403751489544,-0.777915394561392,0.542511643071847,0.164602177719937,1.56020399762416,5.99884610994906,0.117666261728163
4.71,1.60862920692344,-0.235694700561469,-0.777349948067456,0.541655247505987,0.164745875163039,1.56237884898398,5.99885525341502,0.117199183337892
4.72,1.6101920547499,-0.235986154544904,-0.776784938552606,0.540798784007701,0.164890082528018,1.56455646724288,5.99886436916728,0.116731659523906
4.73,1.61175722671556,-0.236278116603639,-0.776220367570224,0.539942250966585,0.165034800288341,1.56673685365234,5.99887345711944,0.116263689378523
4.74,1.61332471836845,-0.236570589900262,-0.775656236683285,0.539085646783024,0.165180027010249,1.56892000926384,5.99888251718465,0.115795271994618
4.75,1.61489452722711,-0.236863577604464,-0.77509254746357,0.538228969859106,0.165325763094504,1.57110593527087,5.99889154927572,0.115326406466203
4.76,1.6164666488826,-0.237157082885179,-0.77452930149253,0.53737221860735,0.165472007186534,1.57329463269337,5.998900553305,0.114857091887877
4.77,1.61804108072587,-0.237451108918217,-0.773966500360569,0.536515391442351,0.165618759620686,1.57548610266804,5.99890952918449,0.114387327355359
4.78,1.619617818383,-0.237745658879049,-0.77340414566785,0.535658486788801,0.165766019115785,1.57768034618127,5.99891847682576,0.113917111964985
4.79,1.62119685912388,-0.238040735949832,-0.77284223902364,0.534801503073808,0.165913785945566,1.57987736431395,5.99892739614,0.113446444814191
4.8,1.6227781986023,-0.238336343312776,-0.772280782047051,0.533944438734275,0.166062058896931,1.58207715801708,5.99893628703797,0.11297532500106
4.81,1.62436183397308,-0.238632484156608,-0.771719776366446,0.533087292209838,0.16621083818836,1.58427972831657,5.99894514943005,0.112503751624759
4.82,1.62594776091089,-0.238929161670477,-0.771159223620126,0.532230061949649,0.166360122669951,1.58648507612629,5.99895398322622,0.112031723785128
4.83,1.62753597646091,-0.239226379049907,-0.770599125455791,0.531372746405884,0.166509912509866,1.58869320241787,5.99896278833604,0.111559240583081
4.84,1.62912647631246,-0.239524139491195,-0.770039483531174,0.530515344039979,0.166660206616921,1.59090410806651,5.99897156466868,0.111086301120225
4.85,1.63071925740594,-0.23982244619689,-0.769480299513553,0.529657853316663,0.166811005113523,1.59311779399008,5.99898031213291,0.110612904499232
4.86,1.63231431543958,-0.240121302370648,-0.768921575080339,0.528800272709691,0.166962306963095,1.59533426102364,5.99898903063708,0.110139049823492
4.87,1.63391164725345,-0.240420711222273,-0.768363311918633,0.52794260069636,0.167114112246499,1.59755351003178,5.99899772008914,0.109664736197447
4.88,1.63551124854933,-0.240720675962992,-0.767805511725771,0.527084835762779,0.167266419977999,1.59977554180804,5.99900638039666,0.109189962726281
4.89,1.63711311607095,-0.241021199810097,-0.767248176208924,0.526226976398827,0.167419230200799,1.60200035716402,5.99901501146677,0.108714728516224
4.9,1.63871724551877,-0.241322285982606,-0.766691307085606,0.525369021103,0.16757254197655,1.60422795685056,5.99902361320621,0.108239032674264
4.91,1.64032363354378,-0.241623937705533,-0.766134906083307,0.524510968377773,0.167726355314394,1.60645834162649,5.99903218552133,0.107762874308431
4.92,1.64193227584058,-0.241926158205908,-0.765578974939972,0.523652816734064,0.167880669320203,1.60869151219875,5.99904072831804,0.107286252527534
4.93,1.64354316897062,-0.242228950716703,-0.765023515403663,0.52279456468696,0.168035483972379,1.61092746927353,5.99904924150186,0.106809166441418
4.94,1.64515630861846,-0.242532318473183,-0.764468529233012,0.521936210759828,0.168190798418116,1.6131662135128,5.99905772497792,0.106331615160725
4.95,1.64677169125896,-0.242836264716523,-0.763914018196912,0.521077753480389,0.16834661260815,1.6154077455702,5.99906617865092,0.10585359779713
4.96,1.6483893125627,-0.243140792690446,-0.763359984074938,0.520219191384491,0.168502925728343,1.61765206606168,5.99907460242516,0.105375113463123
4.97,1.65000916892059,-0.243445905644571,-0.762806428657072,0.519360523012501,0.168659737704609,1.61989917558834,5.99908299620453,0.104896161272222
4.98,1.65163125598565,-0.243751606831316,-0.762253353744095,0.518501746912779,0.168817047759051,1.62214907471913,5.99909135989251,0.10441674033878
4.99,1.65325557006712,-0.244057899508983,-0.76170076114734,0.517642861638357,0.168974855795391,1.62440176400253,5.99909969339218,0.103936849778178
5,1.65488210679711,-0.244364786938922,-0.761148652689058,0.516783865750136,0.169133161069759,1.62665724395962,5.9991079966062,0.103456488706644
5.01,1.65651086240533,-0.244672272388367,-0.760597030202199,0.515924757813832,0.169291963466124,1.62891551508613,5.99911626943683,0.102975656241435
5.02,1.65814183249983,-0.244980359127835,-0.76004589553075,0.515065536402915,0.169451262272613,1.63117657785439,5.9991245117859,0.102494351500671
5.03,1.65977501323266,-0.245289050433741,-0.759495250529543,0.514206200095802,0.169611057355702,1.6334404327072,5.99913272355486,0.102012573603504
5.04,1.66141040018493,-0.245598349586013,-0.758945097064575,0.513346747478562,0.169771348033673,1.63570708006731,5.99914090464473,0.101530321669961
5.05,1.66304798943262,-0.245908259870502,-0.758395437012832,0.512487177142331,0.169932134157601,1.63797652032442,5.99914905495612,0.101047594821101
5.06,1.66468777652721,-0.246218784576788,-0.757846272262591,0.511627487685803,0.170093415074238,1.64024875385089,5.99915717438922,0.100564392178877
5.07,1.66632975747012,-0.246529927000411,-0.757297604713265,0.510767677712854,0.170255190621208,1.64252378098305,5.99916526284384,0.100080712866274
5.08,1.66797392778065,-0.246841690440855,-0.756749436275687,0.509907745834832,0.170417460172197,1.64480160204212,5.99917332021934,0.0995965560071855
5.09,1.6696202833869,-0.247154078203606,-0.756201768871975,0.509047690668369,0.170580223553186,1.64708221731078,5.99918134641468,0.0991119207265402
5.1,1.67126881977365,-0.247467093598306,-0.755654604435799,0.508187510837493,0.170743480163403,1.64936562705837,5.99918934132843,0.0986268061501884
5.11,1.67291953279684,-0.247780739940647,-0.755107944912261,0.507327204971614,0.170907229818864,1.6516518315136,5.99919730485871,0.0981412114050188
5.12,1.67457241790448,-0.248095020550683,-0.754561792258146,0.506466771707463,0.171071471943078,1.65394083089323,5.99920523690324,0.0976551356188568
5.13,1.6762274708813,-0.248409938754573,-0.754016148441824,0.505606209687251,0.171236206343661,1.65623262537164,5.99921313735934,0.0971685779205711
5.14,1.67788468713651,-0.248725497883044,-0.753471015443483,0.504745517560439,0.171401432467253,1.65852721511232,5.9992210061239,0.0966815374399778
5.15,1.67954406238446,-0.249041701272994,-0.752926395255045,0.503884693982051,0.171567150114531,1.66082460023498,5.99922884309339,0.0961940133079422
5.16,1.68120559199358,-0.249358552266079,-0.752382289880389,0.50302373761431,0.171733358754228,1.66312478084914,5.99923664816389,0.0957060046562921
5.17,1.68286927160858,-0.249676054210204,-0.751838701335278,0.502162647125074,0.171900058181445,1.66542775701943,5.99924442123104,0.0952175106179078
5.18,1.68453509655528,-0.249994210458225,-0.751295631647573,0.501301421189348,0.172067247886071,1.66773352880079,5.99925216219006,0.0947285303266451
5.19,1.68620306240931,-0.250313024369326,-0.750753082857173,0.500440058487847,0.172234927658902,1.67004209620232,5.99925987093579,0.0942390629174187
5.2,1.68787316445218,-0.25063249930783,-0.750211057016213,0.499578557708383,0.172403097010141,1.67235345922373,5.9992675473626,0.0937491075261321
5.21,1.68954539819094,-0.250952638644476,-0.749669556189021,0.498716917544545,0.17257175572747,1.6746676178182,5.99927519136449,0.0932586632897537
5.22,1.69121975886113,-0.251273445755329,-0.749128582452306,0.497855136696977,0.172740903340651,1.67698457192956,5.99928280283501,0.0927677293462529
5.23,1.69289624190166,-0.25159492402296,-0.748588137895125,0.496993213872165,0.172910539635364,1.67930432145459,5.99929038166732,0.0922763048346711
5.24,1.69457484250051,-0.251917076835453,-0.748048224619062,0.496131147783609,0.173080664160255,1.68162686628065,5.99929792775414,0.0917843888950643
5.25,1.69625555602877,-0.252239907587491,-0.7475088447382,0.49526893715071,0.173251276700049,1.68395220624765,5.99930544098778,0.0912919806685681
5.26,1.69793837762541,-0.252563419679457,-0.746970000379304,0.494406580699847,0.173422376821673,1.68628034118585,5.99931292126013,0.0907990792973428
5.27,1.69962330259392,-0.252887616518437,-0.746431693681793,0.493544077163356,0.173593964309881,1.68861127087784,5.99932036846266,0.0903056839246376
5.28,1.70131032602285,-0.253212501517393,-0.745893926797915,0.492681425280522,0.173766038749349,1.69094499509615,5.99932778248641,0.0898117936947399
5.29,1.70299944314829,-0.253538078096099,-0.745356701892734,0.491818623796636,0.173938599925787,1.69328151356557,5.99933516322203,0.0893174077530317
5.3,1.70469064900702,-0.253864349680386,-0.744820021144294,0.490955671463909,0.174111647441146,1.69562082600031,5.99934251055971,0.088822525245948
5.31,1.7063839387678,-0.254191319703009,-0.744283886743614,0.490092567040606,0.174285181082967,1.69796293206682,5.99934982438926,0.0883271453210261
5.32,1.70807930741441,-0.254518991602959,-0.743748300894848,0.489229309291889,0.174459200470069,1.70030783142043,5.99935710460003,0.0878312671268681
5.33,1.70977675004828,-0.254847368826267,-0.743213265815286,0.48836589698902,0.174633705392647,1.70265552366871,5.99936435108098,0.0873348898131879
5.34,1.71147626159898,-0.255176454825376,-0.742678783735509,0.487502328910132,0.17480869548603,1.70500600840755,5.99937156372063,0.0868380125307771
5.35,1.71317783710062,-0.255506253059894,-0.742144856899397,0.486638603839503,0.174984170543854,1.70735928518511,5.99937874240708,0.0863406344315476
5.36,1.71488147142736,-0.255836766996015,-0.741611487564277,0.485774720568262,0.175160130217653,1.70971535353722,5.99938588702801,0.0858427546685015
5.37,1.71658715954591,-0.256168000107222,-0.741078678000942,0.484910677893721,0.175336574305241,1.71207421295212,5.99939299747069,0.0853443723957721
5.38,1.71829489627392,-0.256499955873766,-0.740546430493793,0.484046474620027,0.175513502474102,1.71443586290499,5.99940007362195,0.0848454867685934
5.39,1.72000467651059,-0.256832637783309,-0.740014747340857,0.483182109557548,0.175690914526939,1.71680030282362,5.99940711536819,0.0843460969433421
5.4,1.72171649501597,-0.257166049330464,-0.739483630853936,0.482317581523472,0.175868810146969,1.71916753212195,5.9994141225954,0.0838462020775075
5.41,1.72343034662156,-0.257500194017386,-0.738953083358625,0.481452889341239,0.176047189142458,1.72153755016676,5.99942109518916,0.0833458013297316
5.42,1.7251462260288,-0.257835075353353,-0.738423107194454,0.480588031841101,0.176226051212181,1.72391035631019,5.9994280330346,0.0828448938597829
5.43,1.72686412800131,-0.258170696855327,-0.73789370471492,0.479723007859593,0.176405396170615,1.72628594985743,5.99943493601643,0.0823434788285914
5.44,1.72858404718085,-0.25850706204757,-0.737364878287618,0.478857816240048,0.176585223731959,1.72866433009824,5.99944180401894,0.0818415553982268
5.45,1.73030597826297,-0.258844174462161,-0.73683663029428,0.477992455832119,0.176765533717516,1.73104549627568,5.999448636926,0.0813391227319324
5.46,1.73202991582878,-0.259182037638661,-0.736308963130905,0.477126925492244,0.176946325856812,1.73342944761653,5.99945543462104,0.0808361799941033
5.47,1.73375585450545,-0.259520655124597,-0.735781879207803,0.476261224083206,0.17712759997857,1.73581618330116,5.99946219698709,0.0803327263503175
5.48,1.73548378881254,-0.259860030475146,-0.735255380949718,0.475395350474573,0.177309355827578,1.73820570249278,5.99946892390672,0.0798287609673202
5.49,1.73721371330851,-0.260200167253599,-0.73472947079588,0.474529303542281,0.17749159324055,1.74059800430851,5.99947561526209,0.07932428301305
5.5,1.73894562245044,-0.260541069031081,-0.734204151200125,0.473663082169045,0.1776743119775,1.74299308784739,5.99948227093495,0.078819291656625
5.51,1.74067951072778,-0.260882739386975,-0.73367942463095,0.472796685243975,0.177857511883691,1.7453909521627,5.99948889080659,0.0783137860683698
5.52,1.74241537253424,-0.26122518190868,-0.733155293571633,0.471930111662953,0.178041192734355,1.74779159628877,5.99949547475789,0.0778077654197998
5.53,1.74415320228989,-0.261568400192005,-0.732631760520289,0.471063360328284,0.178225354383841,1.7501950192144,5.9995020226693,0.0773012288836502
5.54,1.74589299432419,-0.261912397840955,-0.732108827989992,0.470196430149037,0.178409996622618,1.75260121990866,5.99950853442086,0.0767941756338601
5.55,1.74763474298746,-0.262257178468102,-0.73158649850883,0.469329320040728,0.178595119314645,1.75501019729532,5.99951500989214,0.0762866048455987
5.56,1.74937844254407,-0.262602745694392,-0.73106477462003,0.468462028925638,0.17878072226568,1.75742195027752,5.99952144896233,0.0757785156952555
5.57,1.75112408727418,-0.262949103149499,-0.730543658882013,0.467594555732514,0.178966805349792,1.75983647771343,5.99952785151015,0.0752699073604596
5.58,1.75287167137624,-0.263296254471654,-0.730023153868518,0.466726899396864,0.179153368388102,1.76225377843971,5.99953421741391,0.0747607790200754
5.59,1.75462118905983,-0.263644203307975,-0.729503262168664,0.465859058860689,0.179340411265289,1.76467385124829,5.99954054655149,0.07425112985422
5.6,1.75637263445666,-0.263992953314321,-0.728983986387067,0.464991033072745,0.179527933817928,1.76709669490879,5.99954683880035,0.0737409590442586
5.61,1.7581260017053,-0.264342508155605,-0.728465329143908,0.464122820988303,0.179715935941795,1.76952230814629,5.99955309403749,0.0732302657728209
5.62,1.75988128486994,-0.264692871505663,-0.727947293075051,0.463254421569387,0.179904417489037,1.77195068966277,5.99955931213952,0.0727190492238002
5.63,1.76163847801766,-0.265044047047553,-0.727429880832111,0.462385833784558,0.180093378367004,1.77438183811584,5.99956549298258,0.072207308582367
5.64,1.76339757514433,-0.265396038473446,-0.726913095082574,0.461517056609129,0.18028281844355,1.77681575213926,5.99957163644241,0.0716950430349674
5.65,1.7651585702451,-0.265748849484896,-0.726396938509863,0.460648089024967,0.180472737638069,1.77925243032259,5.9995777423943,0.0711822517693409
5.66,1.76692145724677,-0.266102483792764,-0.72588141381346,0.459778930020696,0.180663135834284,1.78169187123073,5.99958381071311,0.0706689339745153
5.67,1.76868623007203,-0.266456945117469,-0.725366523708978,0.458909578591508,0.180854012964092,1.78413407338459,5.9995898412733,0.0701550888408249
5.68,1.77045288257786,-0.26681223718892,-0.724852270928275,0.458040033739355,0.181045368927258,1.78657903527961,5.99959583394884,0.0696407155599075
5.69,1.77222140861403,-0.267168363746765,-0.724338658219538,0.457170294472773,0.181237203668645,1.78902675536743,5.99960178861332,0.069125813324719
5.7,1.77399180196691,-0.267525328540329,-0.72382568834739,0.456300359807062,0.181429517104255,1.79147723207345,5.99960770513988,0.0686103813295354
5.71,1.77576405641287,-0.267883135328853,-0.723313364092975,0.455430228764121,0.181622309192367,1.79393046377939,5.99961358340122,0.0680944187699654
5.72,1.77753816566694,-0.268241787881454,-0.722801688254069,0.454559900372615,0.181815579865431,1.79638644884001,5.99961942326961,0.0675779248429492
5.73,1.77931412343153,-0.268601289977343,-0.722290663645169,0.453689373667826,0.182009329095596,1.7988451855665,5.99962522461689,0.0670608987467755
5.74,1.78109192334964,-0.268961645405796,-0.721780293097599,0.452818647691803,0.182203556831986,1.80130667224237,5.99963098731448,0.06654333968108
5.75,1.78287155904921,-0.269322857966374,-0.721270579459601,0.451947721493228,0.182398263061068,1.80377090710765,5.99963671123334,0.0660252468468598
5.76,1.78465302410044,-0.269684931468896,-0.720761525596448,0.451076594127552,0.182593447748885,1.80623788837397,5.99964239624402,0.0655066194464741
5.77,1.78643631205628,-0.270047869733652,-0.720253134390528,0.450205264656875,0.182789110896669,1.80870761420961,5.99964804221663,0.064987456683659
5.78,1.78822141641346,-0.270411676591389,-0.719745408741461,0.449333732150072,0.182985252487642,1.81118008275368,5.99965364902083,0.0644677577635273
5.79,1.79000833064938,-0.270776355883515,-0.719238351566191,0.448461995682676,0.183181872538246,1.81365529210206,5.99965921652587,0.0639475218925827
5.8,1.79179704818656,-0.271141911462091,-0.718731965799093,0.447590054337003,0.183378971049155,1.81613324032078,5.99966474460055,0.0634267482787213
5.81,1.79358756242632,-0.271508347190033,-0.718226254392072,0.44671790720204,0.183576548052471,1.81861392543263,5.99967023311325,0.062905436131245
5.82,1.7953798667163,-0.271875666941115,-0.717721220314674,0.445845553373559,0.183774603566607,1.82109734542994,5.99967568193189,0.0623835846608642
5.83,1.79717395438115,-0.272243874600156,-0.717216866554176,0.44497299195402,0.183973137639774,1.82358349826182,5.99968109092398,0.0618611930797091
5.84,1.79896981869296,-0.27261297406304,-0.71671319611571,0.444100222052671,0.184172150308426,1.82607238184624,5.99968645995659,0.0613382606013334
5.85,1.80076745289916,-0.272982969236893,-0.716210212022351,0.443227242785458,0.184371641637332,1.828563994058,5.99969178889634,0.0608147864407269
5.86,1.80256685019559,-0.273353864040109,-0.715707917315232,0.442354053275123,0.184571611681304,1.83105833274007,5.99969707760943,0.0602907698143193
5.87,1.80436800375189,-0.273725662402527,-0.715206315053647,0.44148065265112,0.184772060522122,1.83355539569231,5.99970232596163,0.0597662099399913
5.88,1.80617090668697,-0.274098368265461,-0.714705408315162,0.4406070400497,0.184972988233286,1.83605518068207,5.99970753381825,0.0592411060370788
5.89,1.80797555209213,-0.274471985581874,-0.714205200195715,0.439733214613841,0.18517439491404,1.83855768543358,5.99971270104419,0.0587154573263847
5.9,1.80978193300867,-0.274846518316413,-0.713705693809734,0.438859175493322,0.185376280656915,1.84106290763798,5.99971782750389,0.0581892630301833
5.91,1.81159004244896,-0.275221970445581,-0.713206892290239,0.437984921844658,0.18557864557908,1.84357084494323,5.99972291306138,0.0576625223722314
5.92,1.81339987337604,-0.275598345957776,-0.712708798788953,0.437110452831177,0.185781489792452,1.84608149496359,5.99972795758022,0.057135234577774
5.93,1.81521141872278,-0.275975648853462,-0.712211416476412,0.43623576762295,0.185984813432587,1.8485948552701,5.99973296092358,0.0566073988735539
5.94,1.81702467137329,-0.276353883145212,-0.711714748542077,0.435360865396865,0.186188616631157,1.85111092339952,5.99973792295414,0.0560790144878194
5.95,1.81883962418035,-0.276733052857878,-0.711218798194445,0.434485745336567,0.186392899542573,1.85362969684532,5.99974284353419,0.0555500806503324
5.96,1.82065626994848,-0.277113162028635,-0.710723568661159,0.433610406632524,0.186597662318642,1.8561511730661,5.99974772252556,0.0550205965923765
5.97,1.82247460144981,-0.27749421470715,-0.710229063189122,0.432734848481972,0.186802905133104,1.85867534947709,5.99975255978964,0.0544905615467669
5.98,1.82429461140861,-0.27787621495564,-0.709735285044612,0.431859070088972,0.187008628158295,1.8612022234581,5.99975735518739,0.0539599747478549
5.99,1.82611629251576,-0.278259166849027,-0.709242237513392,0.430983070664366,0.18721483158776,1.86373179234549,5.99976210857934,0.0534288354315412
6,1.82793963741466,-0.278643074475001,-0.708749923900829,0.430106849425828,0.18742151561477,1.86626405343961,5.99976681982557,0.0528971428352806
